"ID","Employed","CampaignInterest","VoteImportance","ApproveProtest","UseFacebook","UseTwitter","UseTikTok","DemocraticTherm","RepublicanTherm","Ideology","PartyID","Age","Gender","Race","Region"
2,0,1,4,4,1,1,1,71,17,3,1,33,"Female","Black","Northeast"
3,1,2,4,3,1,0,1,47,57,4,2,24,"Female","White","South"
5,0,3,4,4,1,0,0,47,66,4,3,78,"Male","White","Midwest"
9,0,3,2,5,1,1,0,0,30,5,4,35,"Male","White","Northeast"
10,0,3,4,4,1,0,0,6,77,6,3,38,"Female","White","Northeast"
11,0,3,5,2,1,1,1,65,10,2,1,37,"Female","White","Midwest"
13,0,1,3,5,0,0,0,96,67,4,1,39,"Female","White","Northeast"
15,1,3,5,4,1,1,0,0,85,6,3,38,"Female","White","West"
16,0,2,3,7,1,1,1,40,15,1,2,20,"Male","White","West"
18,0,2,5,3,0,0,0,67,5,2,1,74,"Female","Other","West"
19,0,3,4,3,1,0,0,10,85,6,3,73,"Male","White","South"
20,1,1,1,4,1,0,1,50,50,4,4,35,"Female","Black","West"
21,0,2,4,5,1,1,1,50,35,3,2,23,"Male","Hispanic","South"
22,0,3,5,4,1,0,0,27,4,4,3,68,"Male","White","South"
23,1,2,4,5,0,0,0,56,61,4,2,28,"Female","White","South"
24,1,2,4,4,1,0,1,89,15,4,1,24,"Male","Other","Northeast"
25,1,3,4,4,1,0,0,87,29,4,2,59,"Female","White","Midwest"
26,0,1,1,4,0,0,0,0,0,4,2,25,"Female","White","South"
27,0,1,3,4,1,0,0,50,45,4,2,22,"Female","White","West"
28,0,3,5,4,1,0,0,11,90,5,3,73,"Female","White","Midwest"
29,0,2,5,6,1,0,0,0,40,5,2,73,"Male","White","South"
32,1,2,3,5,1,1,1,65,65,3,1,31,"Female","Black","South"
33,0,2,5,7,1,0,0,64,39,2,2,71,"Female","White","South"
34,1,1,5,3,1,1,1,45,0,1,1,24,"Female","White","West"
36,0,3,4,5,1,0,0,1,73,6,2,57,"Female","White","South"
37,1,3,4,4,1,1,0,75,5,2,1,64,"Female","White","Northeast"
38,1,2,3,4,1,0,0,1,60,5,2,22,"Male","Hispanic","Northeast"
39,0,3,5,4,1,0,0,7,62,6,3,76,"Female","White","Midwest"
40,0,1,2,1,1,0,0,0,0,4,2,75,"Female","White","Midwest"
42,1,2,3,5,0,0,0,60,10,2,1,40,"Male","White","Midwest"
44,1,1,3,2,1,0,0,50,30,4,1,29,"Female","Hispanic","Midwest"
45,0,1,1,4,0,0,0,48,47,4,4,63,"Male","Black","South"
46,1,3,4,2,1,1,0,35,4,4,2,33,"Male","White","Midwest"
47,0,3,5,5,1,0,0,89,31,3,1,76,"Male","White","Midwest"
49,0,3,5,4,1,0,0,2,62,7,3,69,"Female","White","Midwest"
50,0,2,4,4,1,0,1,40,85,6,4,58,"Female","White","West"
51,1,3,5,7,1,0,1,88,0,2,1,77,"Male","Black","South"
52,0,2,5,2,1,1,0,18,52,5,3,66,"Female","White","Midwest"
53,1,3,5,6,0,1,1,70,30,1,1,62,"Male","White","West"
54,0,1,3,1,1,1,1,64,75,4,4,67,"Female","Black","South"
55,1,2,3,6,1,0,0,63,12,1,1,55,"Female","White","Northeast"
56,0,3,4,2,1,0,1,85,0,2,1,64,"Female","White","South"
57,1,2,3,4,1,0,0,70,50,3,2,74,"Female","White","West"
58,1,3,5,4,1,0,1,67,26,3,1,26,"Female","White","South"
59,1,3,4,5,1,1,0,96,12,6,3,53,"Male","Black","Midwest"
61,0,3,4,5,1,1,1,47,42,5,2,70,"Female","White","Midwest"
62,1,3,5,4,0,1,1,0,85,6,3,34,"Male","White","South"
63,0,3,5,4,1,0,0,0,70,7,3,76,"Female","White","West"
65,0,3,5,5,1,1,0,1,60,6,3,80,"Male","White","South"
66,0,3,4,4,0,0,0,4,50,6,3,37,"Female","White","South"
67,1,3,5,4,1,1,1,100,0,2,1,58,"Male","White","West"
68,1,3,3,1,1,1,0,78,0,4,2,68,"Male","White","South"
69,1,2,5,4,1,0,1,86,19,2,1,55,"Female","White","Midwest"
70,0,2,3,4,1,1,1,92,0,2,1,59,"Female","Other","South"
71,0,3,5,4,1,1,0,53,9,2,1,67,"Male","White","South"
72,1,3,5,6,0,0,0,80,1,3,1,69,"Male","White","Northeast"
73,1,3,5,6,1,0,0,40,70,6,3,73,"Female","White","Northeast"
74,1,1,4,7,1,0,1,30,0,2,4,21,"Female","White","South"
75,1,3,4,4,1,0,0,71,15,4,2,65,"Female","White","Northeast"
76,1,3,5,4,1,0,0,1,15,7,2,59,"Male","White","Midwest"
77,0,2,4,4,1,0,0,100,16,2,1,71,"Female","White","Midwest"
78,1,1,3,2,1,1,1,59,58,4,3,32,"Female","White","Midwest"
79,0,3,5,7,1,0,0,70,0,2,1,66,"Female","White","Midwest"
80,1,3,5,4,1,1,1,95,60,4,4,72,"Female","White","West"
81,1,1,3,1,1,1,0,80,0,1,2,61,"Male","Hispanic","West"
82,0,3,5,4,1,0,0,0,63,6,3,79,"Female","White","West"
83,0,1,3,4,0,0,0,47,36,4,2,58,"Female","Other","West"
84,0,1,2,2,1,0,0,5,59,7,2,58,"Male","White","Northeast"
85,0,1,3,5,1,0,0,3,4,3,1,21,"Male","White","West"
86,1,2,3,4,1,0,0,56,5,2,2,36,"Male","White","Midwest"
87,0,3,5,4,1,1,1,3,100,6,3,55,"Female","White","Northeast"
88,0,3,1,2,0,0,0,85,1,4,1,73,"Male","White","South"
89,1,2,4,6,1,1,0,47,56,3,1,31,"Male","Other","Midwest"
90,1,3,5,4,1,1,1,100,0,1,1,43,"Female","White","South"
91,1,3,5,7,0,0,0,91,0,2,1,39,"Male","White","West"
92,1,3,5,4,1,1,1,71,70,7,1,24,"Male","White","South"
96,1,3,5,6,1,1,1,35,0,1,4,24,"Male","White","West"
97,0,3,5,4,0,0,0,100,1,4,1,76,"Female","White","Northeast"
98,0,3,5,7,0,0,0,85,3,2,1,72,"Male","White","Midwest"
99,0,3,5,7,0,0,0,60,0,1,1,24,"Female","White","Midwest"
100,1,3,4,6,1,1,1,98,68,4,1,24,"Male","Hispanic","Northeast"
101,1,2,5,4,1,1,0,42,9,1,4,30,"Female","White","Midwest"
103,0,2,3,3,1,1,0,0,5,5,2,35,"Male","Other","West"
104,1,2,3,4,1,0,0,69,40,4,1,60,"Female","Other","South"
105,1,3,5,4,0,0,0,50,30,4,2,70,"Male","White","South"
107,1,2,4,3,1,1,0,12,81,6,3,34,"Female","White","Northeast"
108,0,3,4,6,1,1,0,85,0,2,1,48,"Male","White","West"
109,0,2,3,5,1,0,0,75,15,2,2,39,"Female","White","West"
110,0,2,4,2,1,0,0,15,40,6,3,54,"Male","White","Midwest"
111,0,3,5,1,1,0,0,2,88,7,3,70,"Male","White","South"
112,0,2,3,3,1,1,0,25,40,5,2,76,"Male","White","South"
113,1,3,5,5,0,1,1,88,44,3,1,29,"Female","Black","South"
114,0,2,5,4,1,1,1,97,51,4,1,65,"Female","Black","South"
115,1,3,5,3,1,1,1,5,90,7,3,52,"Female","White","Northeast"
116,1,2,5,5,1,1,1,58,84,4,3,42,"Male","Black","Midwest"
118,1,2,4,4,1,1,1,0,100,7,3,61,"Female","White","Midwest"
120,1,1,3,4,1,0,0,1,60,6,2,64,"Male","White","Midwest"
121,1,3,5,1,1,1,0,2,40,6,3,57,"Male","White","Midwest"
122,0,1,3,5,0,0,0,10,29,6,3,20,"Female","Hispanic","South"
123,1,3,4,4,1,0,1,1,60,6,3,57,"Male","White","Northeast"
124,1,3,3,3,1,1,1,0,100,7,3,56,"Female","White","Midwest"
125,0,3,4,3,1,1,0,0,50,7,4,62,"Male","White","South"
126,0,2,3,7,0,1,1,84,0,2,1,43,"Male","Hispanic","West"
127,0,3,4,4,1,0,0,2,94,7,3,73,"Male","White","South"
128,0,3,3,2,1,0,0,39,78,3,2,83,"Female","White","South"
131,1,3,4,4,1,0,1,19,95,4,3,57,"Female","White","Midwest"
132,0,1,3,4,1,0,0,5,71,6,3,48,"Male","White","Northeast"
133,0,2,4,4,1,0,0,61,61,4,3,62,"Male","White","Northeast"
134,0,2,3,4,1,0,1,0,50,4,4,33,"Female","Hispanic","Northeast"
135,1,2,4,3,1,0,0,1,96,7,3,63,"Female","White","South"
137,0,2,5,4,1,1,0,15,90,6,3,63,"Male","White","Midwest"
139,0,1,4,4,0,0,0,20,64,7,4,45,"Male","Other","South"
140,0,1,4,4,1,0,0,55,62,6,4,57,"Female","White","South"
141,0,2,3,4,1,0,1,51,0,4,1,33,"Female","Black","Midwest"
142,1,1,3,4,0,0,0,1,100,4,3,39,"Female","White","South"
143,0,3,4,6,1,0,1,1,84,6,3,59,"Female","White","West"
144,1,2,3,4,1,0,0,0,0,4,2,40,"Male","Hispanic","South"
145,1,1,4,4,0,0,0,40,60,6,2,55,"Female","White","Northeast"
146,1,2,5,4,1,0,0,13,15,6,4,59,"Female","White","Midwest"
147,0,3,5,7,1,1,0,87,0,2,1,67,"Female","Other","West"
148,1,3,5,3,0,0,0,65,0,2,1,23,"Female","Other","South"
150,1,2,5,4,1,0,0,100,30,1,1,28,"Male","White","West"
151,1,2,5,3,1,1,0,0,60,6,3,34,"Female","White","West"
152,1,2,3,5,0,0,1,70,70,4,2,20,"Female","White","West"
153,0,2,2,3,1,0,0,17,80,5,4,28,"Male","White","South"
154,0,3,5,1,1,0,0,0,99,4,3,56,"Male","White","South"
155,1,2,5,4,1,0,0,85,1,2,1,43,"Female","Black","South"
156,1,2,3,4,1,0,0,7,81,6,3,35,"Male","Hispanic","Northeast"
157,0,3,5,1,1,0,0,100,0,5,1,71,"Female","Hispanic","West"
158,0,3,5,1,1,1,0,0,70,7,2,67,"Female","White","South"
159,1,1,3,4,1,1,1,50,50,4,4,31,"Female","White","West"
160,0,2,5,4,1,0,0,88,15,4,1,68,"Female","Black","South"
161,0,2,5,1,1,0,0,31,80,7,3,46,"Female","Hispanic","South"
162,1,2,3,2,0,0,0,13,1,1,2,52,"Male","Black","West"
163,0,3,4,5,1,0,0,0,80,7,3,79,"Female","White","West"
164,0,2,5,4,1,0,1,0,70,7,3,65,"Female","White","South"
167,0,2,4,4,1,1,1,65,68,2,2,33,"Female","White","Northeast"
168,1,3,5,4,1,0,1,91,49,2,1,60,"Female","Black","South"
169,0,3,3,2,1,1,0,0,14,4,2,42,"Female","Other","South"
170,1,3,5,4,1,0,1,41,5,4,1,72,"Female","White","South"
171,1,2,5,6,1,0,0,78,13,2,1,70,"Female","White","West"
172,1,2,4,5,1,1,0,65,2,2,1,29,"Female","Other","Midwest"
173,0,3,4,4,1,0,0,61,40,4,2,81,"Male","White","Northeast"
174,0,1,1,4,1,1,1,66,60,4,1,51,"Female","White","Midwest"
175,0,2,4,4,0,0,0,0,100,6,3,40,"Male","White","South"
176,1,1,4,4,1,1,0,100,64,4,1,27,"Male","Hispanic","Northeast"
177,0,3,4,4,0,0,0,15,75,6,3,83,"Male","White","South"
178,1,3,5,2,1,0,0,10,15,6,2,73,"Male","White","West"
179,0,1,2,4,1,0,0,71,5,4,1,69,"Female","Black","Midwest"
180,1,2,4,4,1,0,0,0,30,6,2,62,"Male","White","South"
181,1,3,5,2,1,1,0,87,48,3,1,31,"Male","Black","Midwest"
182,0,1,5,4,1,0,0,1,16,4,2,60,"Female","White","South"
183,1,2,5,4,1,0,1,19,83,6,3,50,"Male","White","South"
184,0,3,5,2,1,0,0,0,95,6,2,67,"Male","White","South"
185,1,3,5,6,1,0,0,98,0,2,1,56,"Female","White","Northeast"
186,0,3,3,4,1,0,0,0,80,7,3,63,"Female","White","Northeast"
187,0,3,5,4,1,0,0,15,17,6,2,62,"Male","White","South"
188,1,3,4,3,1,0,0,2,100,7,3,69,"Male","White","Midwest"
189,0,3,5,6,1,0,0,65,15,2,2,71,"Female","White","West"
190,0,3,5,6,1,0,0,39,60,5,2,77,"Male","White","West"
191,0,3,2,2,1,1,0,56,41,4,2,72,"Male","White","South"
193,0,3,5,4,1,1,1,100,0,2,1,72,"Female","Hispanic","West"
194,0,2,4,4,1,0,0,51,50,4,2,72,"Female","White","West"
196,0,3,5,6,1,1,1,85,25,2,1,68,"Male","White","Midwest"
197,0,2,5,6,1,0,0,81,0,2,1,75,"Male","White","South"
198,0,2,4,4,0,0,0,85,15,2,2,76,"Male","White","West"
200,1,2,5,6,1,1,1,76,59,3,2,21,"Male","White","Midwest"
201,1,2,4,3,1,1,0,11,27,5,2,23,"Male","Hispanic","Northeast"
202,0,3,5,5,1,1,1,15,25,4,3,67,"Male","White","West"
203,1,3,5,4,1,0,0,74,38,5,1,64,"Male","Black","South"
204,0,1,3,4,1,1,1,100,1,4,1,42,"Male","White","West"
205,1,2,4,2,1,0,0,30,40,5,3,29,"Female","White","West"
206,1,3,5,1,1,1,1,42,51,1,1,37,"Male","White","Northeast"
207,1,2,3,5,1,1,1,30,30,4,2,33,"Male","Other","Northeast"
208,0,2,5,2,1,0,0,16,63,4,2,51,"Male","White","South"
209,1,2,4,4,1,1,1,8,79,4,3,42,"Male","White","Midwest"
210,0,3,5,4,1,0,0,85,15,4,2,72,"Female","White","South"
211,0,2,5,4,1,0,0,28,61,5,2,71,"Female","White","West"
212,1,3,5,4,0,0,0,0,100,7,3,74,"Male","White","South"
213,0,3,5,4,0,0,0,81,1,3,2,74,"Male","White","South"
214,0,3,3,4,0,1,0,12,63,5,2,76,"Male","White","West"
215,0,2,5,7,1,0,0,61,17,2,1,69,"Male","White","Midwest"
216,0,3,5,7,1,1,0,80,8,1,1,67,"Male","White","Midwest"
217,0,3,3,1,1,1,0,31,60,4,3,76,"Female","White","South"
218,0,3,5,4,1,1,0,15,70,6,3,77,"Male","White","Northeast"
219,1,3,5,4,1,0,0,90,12,2,1,75,"Male","White","Northeast"
220,0,2,3,4,1,0,0,85,3,2,1,66,"Male","White","South"
222,0,2,3,4,1,0,1,4,73,4,3,57,"Female","White","South"
224,0,2,3,4,1,1,0,10,65,4,4,61,"Male","White","Midwest"
226,0,3,4,4,1,0,0,0,70,7,2,85,"Male","White","South"
227,1,2,4,1,1,0,0,64,15,4,2,76,"Male","White","South"
228,0,3,5,1,0,0,0,30,70,6,3,76,"Male","White","Midwest"
229,1,2,5,6,1,0,0,93,20,4,2,77,"Male","White","Northeast"
230,0,3,3,4,1,1,0,40,70,7,3,66,"Male","White","West"
231,1,3,3,4,1,0,0,0,76,6,3,62,"Female","White","Northeast"
233,1,3,5,7,1,1,1,60,7,1,1,34,"Male","White","Midwest"
234,1,1,5,4,1,0,0,70,50,4,1,57,"Female","Hispanic","West"
235,0,1,2,4,0,0,0,21,48,4,2,21,"Female","Other","West"
238,1,3,5,2,0,1,0,2,53,4,2,57,"Male","Other","South"
239,1,2,3,4,0,0,0,1,60,7,4,62,"Male","White","Midwest"
240,1,3,4,1,1,1,0,0,100,6,3,57,"Female","White","Northeast"
241,1,2,4,4,1,1,0,52,52,5,1,37,"Female","Other","West"
242,0,3,3,3,1,1,1,1,57,6,3,39,"Female","Hispanic","Northeast"
243,1,3,4,2,1,0,0,64,10,4,1,52,"Male","White","Midwest"
244,1,2,3,4,1,0,0,54,78,4,2,35,"Male","Other","South"
245,0,2,4,4,0,1,0,50,50,4,2,72,"Male","White","South"
246,1,2,5,3,1,1,1,75,30,2,1,39,"Male","White","South"
247,0,3,5,4,0,0,0,10,78,6,3,76,"Male","White","West"
248,0,3,5,4,0,0,0,0,60,5,2,67,"Male","Hispanic","Northeast"
249,0,3,5,2,0,0,0,21,86,7,2,71,"Female","White","South"
250,0,2,5,4,1,0,0,100,0,1,1,75,"Female","White","West"
251,0,2,4,4,1,0,0,71,69,4,3,70,"Male","White","Midwest"
254,0,3,5,4,1,0,0,15,60,6,2,78,"Male","White","South"
255,1,3,5,4,0,0,0,0,90,7,3,57,"Male","White","South"
257,1,1,3,1,1,0,0,67,12,1,2,43,"Male","White","Northeast"
258,0,1,3,4,1,0,1,70,2,4,1,29,"Female","White","Northeast"
259,1,3,4,2,1,0,1,7,71,6,3,58,"Male","White","Midwest"
260,1,3,5,2,0,0,0,0,50,6,2,61,"Male","Other","South"
261,1,1,4,4,1,1,0,21,76,6,3,60,"Male","White","Midwest"
262,1,3,4,3,1,0,1,55,100,2,3,23,"Male","Black","Midwest"
263,0,3,4,2,0,0,0,15,60,6,3,80,"Male","White","South"
265,0,3,5,1,0,0,0,0,74,6,2,78,"Male","White","Midwest"
266,1,3,5,2,1,0,0,0,51,6,2,65,"Male","White","South"
268,0,3,4,6,0,0,0,50,0,4,2,80,"Male","White","South"
269,0,3,4,1,0,0,0,100,0,4,2,69,"Male","White","South"
270,0,3,5,4,0,0,0,10,49,6,4,77,"Male","White","Midwest"
271,1,3,5,2,1,0,0,15,60,5,3,74,"Female","Hispanic","South"
272,1,2,4,6,1,1,0,41,40,4,4,37,"Female","Hispanic","West"
273,1,1,1,4,0,1,1,51,50,4,4,24,"Female","White","Northeast"
274,1,2,4,4,1,0,0,7,61,6,2,51,"Male","White","South"
275,0,2,4,4,1,1,0,37,60,4,2,64,"Male","White","South"
276,1,3,4,5,1,1,0,91,55,2,1,18,"Male","White","South"
278,0,3,3,6,1,1,1,67,1,2,4,57,"Male","Other","South"
279,0,1,4,3,1,1,0,78,12,2,1,65,"Female","White","South"
280,0,3,5,7,1,1,1,15,63,6,3,71,"Female","White","South"
281,0,3,5,1,1,0,0,10,70,7,3,70,"Female","White","South"
283,1,1,4,3,1,0,1,42,20,4,1,53,"Female","Hispanic","South"
284,1,2,5,5,1,1,1,77,1,3,1,71,"Male","White","West"
285,0,2,4,7,0,0,0,29,14,4,1,61,"Male","Other","South"
286,1,3,5,4,1,1,0,0,30,7,3,51,"Male","White","South"
287,1,2,5,4,0,0,0,0,100,4,2,51,"Female","White","Midwest"
288,0,2,4,4,0,0,0,0,8,5,4,24,"Female","White","West"
289,0,3,2,1,1,0,0,85,0,4,1,43,"Female","White","South"
291,0,1,1,4,1,0,0,60,54,4,1,20,"Female","White","South"
292,0,3,5,6,1,1,0,85,10,2,1,78,"Female","White","West"
293,0,3,5,5,1,0,0,94,20,2,1,77,"Female","White","South"
294,0,2,3,2,0,0,0,63,0,2,2,71,"Male","White","South"
295,0,3,3,1,0,0,0,30,70,6,2,77,"Male","White","Northeast"
296,0,3,3,4,1,1,0,75,31,4,1,55,"Male","White","South"
297,0,3,5,3,1,0,0,40,40,4,2,75,"Male","White","South"
298,0,2,5,5,1,1,1,15,55,5,3,27,"Female","White","South"
299,1,3,5,5,1,0,0,7,97,5,2,65,"Male","White","South"
300,0,2,5,1,1,0,0,24,61,4,4,69,"Female","Hispanic","South"
301,0,1,2,1,1,0,1,95,6,4,1,27,"Female","Black","South"
302,0,1,3,4,1,0,1,56,56,4,4,35,"Female","White","Midwest"
304,0,2,5,1,0,0,0,30,69,6,3,81,"Male","White","Midwest"
305,0,3,5,4,1,1,0,3,94,6,3,69,"Male","Black","Northeast"
306,0,3,4,3,1,0,0,87,2,2,1,71,"Male","White","Midwest"
307,0,3,5,1,1,0,0,3,100,4,2,69,"Male","White","West"
308,1,3,5,7,1,0,1,84,0,2,1,42,"Male","Hispanic","West"
309,1,2,4,5,1,0,1,66,65,4,3,27,"Female","White","Midwest"
310,1,1,3,4,1,0,0,100,17,4,1,38,"Female","Black","South"
311,1,3,4,6,1,0,1,91,10,2,1,44,"Female","Black","Northeast"
312,0,2,3,5,1,0,0,62,20,4,1,23,"Female","White","West"
314,0,3,4,7,1,0,0,85,0,2,1,74,"Female","White","Midwest"
316,0,2,5,1,1,0,0,100,2,2,1,69,"Male","White","South"
317,0,3,5,4,0,0,0,50,0,4,1,75,"Male","White","South"
318,1,3,5,4,1,0,0,73,0,2,2,75,"Female","White","Northeast"
319,1,3,5,7,1,1,0,100,0,1,1,68,"Male","White","Northeast"
320,0,3,4,6,1,1,1,70,30,3,1,76,"Male","White","West"
321,0,3,5,6,1,0,0,0,82,7,3,77,"Male","White","West"
322,0,3,5,3,1,0,1,78,21,1,1,67,"Male","Black","South"
323,0,3,4,4,1,0,0,50,75,4,1,72,"Male","White","Northeast"
324,0,2,3,4,1,0,1,66,60,4,2,68,"Male","Black","Northeast"
325,1,3,4,5,1,1,0,78,26,2,1,21,"Female","White","West"
326,1,1,2,2,1,1,1,54,17,2,1,24,"Female","White","Northeast"
327,0,3,5,1,1,1,0,10,90,7,3,73,"Male","White","Midwest"
328,0,3,4,2,0,0,0,0,60,6,4,66,"Male","White","South"
330,0,3,5,3,1,0,0,21,80,5,2,71,"Male","White","South"
331,1,1,4,1,1,0,0,60,60,4,3,35,"Female","Hispanic","South"
332,1,3,5,5,0,1,0,0,100,6,3,48,"Male","White","South"
333,1,3,4,6,0,1,0,60,15,2,1,25,"Male","White","Midwest"
334,1,1,3,2,1,1,1,53,33,2,2,64,"Female","White","South"
335,1,1,2,4,1,1,1,0,0,4,4,39,"Female","Other","South"
336,1,1,5,4,1,0,0,60,45,2,1,36,"Female","Black","South"
338,1,3,1,7,1,1,0,0,70,6,3,61,"Female","White","Northeast"
339,0,1,1,4,1,0,0,59,64,4,3,63,"Male","White","South"
340,1,3,4,5,1,1,1,54,74,6,3,31,"Male","Black","South"
342,0,2,3,5,1,0,1,58,63,3,4,49,"Female","Hispanic","Northeast"
343,1,3,4,4,1,0,0,12,51,6,3,64,"Male","White","South"
346,1,1,4,2,1,0,0,0,55,3,2,47,"Male","White","Northeast"
347,1,2,3,6,1,1,1,60,53,2,1,20,"Female","Hispanic","West"
348,1,2,4,4,1,1,0,0,70,5,4,51,"Male","White","South"
349,1,2,3,6,1,1,0,98,2,1,1,52,"Male","White","West"
350,1,2,3,4,1,0,0,86,16,5,1,64,"Male","White","West"
351,0,1,2,2,1,0,1,2,4,6,2,35,"Female","Hispanic","West"
352,0,3,3,4,1,1,1,46,5,1,4,20,"Female","White","South"
353,1,3,4,4,1,0,0,10,100,1,3,60,"Female","Other","West"
354,1,2,3,4,1,1,1,30,0,2,2,44,"Male","White","Midwest"
355,0,2,2,3,0,0,0,100,0,3,4,22,"Female","Black","South"
356,1,3,5,6,1,0,0,0,91,4,3,60,"Female","White","South"
357,1,1,4,6,1,0,1,35,35,4,2,20,"Female","Hispanic","Northeast"
360,1,1,3,4,1,0,0,52,52,2,2,50,"Female","White","South"
361,1,2,5,5,1,1,1,45,9,2,1,38,"Male","Hispanic","West"
363,0,1,3,4,1,0,1,32,70,4,4,47,"Female","Hispanic","West"
364,0,1,1,1,1,0,0,50,0,4,1,54,"Female","Hispanic","Northeast"
365,0,1,3,4,1,0,1,29,0,4,4,43,"Female","White","Midwest"
366,1,3,5,4,1,1,1,72,0,2,1,65,"Female","Black","South"
367,1,1,3,4,1,1,0,77,14,2,1,27,"Male","White","South"
368,1,2,2,2,0,0,0,47,47,4,2,24,"Female","Hispanic","Midwest"
369,0,2,5,6,1,1,1,100,0,4,1,56,"Female","Other","South"
370,0,1,3,4,0,0,0,52,15,4,4,23,"Female","Other","South"
373,0,2,3,4,1,1,1,2,51,4,2,27,"Female","Black","South"
375,1,2,4,1,1,1,1,69,60,2,3,20,"Female","Black","Northeast"
376,0,2,4,5,1,1,0,86,63,4,1,58,"Female","Black","South"
377,1,1,1,4,1,0,0,46,0,1,4,26,"Female","Hispanic","West"
379,1,3,4,6,1,1,1,30,30,4,2,28,"Male","Hispanic","West"
380,1,3,3,4,1,1,1,71,100,6,3,58,"Male","Hispanic","South"
381,1,3,4,3,1,0,0,0,50,7,2,57,"Male","White","West"
382,0,3,4,1,1,1,0,0,85,4,4,39,"Male","Black","South"
383,1,3,4,7,1,0,0,18,100,1,3,31,"Male","Black","South"
384,0,1,2,4,1,1,0,40,60,4,3,30,"Female","White","South"
385,0,1,3,4,1,1,1,60,84,4,3,25,"Female","Other","Northeast"
387,0,2,4,1,0,1,0,0,100,6,3,59,"Female","White","South"
388,1,3,5,7,1,1,1,80,40,1,1,26,"Male","White","Northeast"
391,0,1,1,4,1,0,1,57,55,7,2,42,"Female","White","South"
392,0,1,1,4,0,1,1,40,32,4,1,32,"Female","White","Midwest"
393,0,2,3,4,1,0,1,84,64,4,1,58,"Female","Black","South"
394,0,1,4,1,1,0,0,50,50,4,2,61,"Female","White","South"
395,0,2,3,4,1,0,1,5,80,7,2,64,"Female","White","Northeast"
396,0,3,4,4,0,1,1,60,30,2,4,20,"Female","Hispanic","South"
397,1,2,3,5,1,0,0,67,39,2,1,38,"Male","White","South"
398,0,3,5,4,1,1,1,0,100,4,3,55,"Female","White","South"
399,0,1,3,4,1,0,1,0,3,4,4,37,"Male","Hispanic","West"
400,1,2,4,4,1,1,0,49,59,4,2,51,"Female","White","South"
401,0,3,5,1,0,1,0,0,51,4,2,63,"Male","White","Northeast"
402,0,2,4,2,1,1,1,80,0,2,1,41,"Male","White","South"
403,1,2,4,5,1,0,0,0,87,6,2,51,"Female","White","South"
404,0,3,5,4,1,0,0,1,95,7,3,63,"Female","White","South"
406,1,3,5,7,1,0,0,87,1,1,1,60,"Male","Hispanic","West"
407,1,2,3,4,1,0,0,36,38,4,2,56,"Male","White","Midwest"
408,1,3,5,4,1,0,1,0,60,4,3,55,"Male","White","West"
409,1,1,3,6,1,0,0,85,42,5,1,24,"Male","White","Northeast"
410,0,2,3,4,1,0,0,3,54,6,3,60,"Female","White","South"
411,1,2,3,4,1,1,1,0,85,6,3,31,"Female","White","Midwest"
412,1,2,5,2,1,1,1,25,6,2,2,44,"Male","Hispanic","West"
413,0,1,2,1,1,0,1,0,95,6,3,59,"Male","White","Midwest"
414,1,2,5,2,1,1,1,6,89,6,3,52,"Female","White","Northeast"
415,0,3,5,2,1,1,0,0,100,6,3,62,"Male","White","West"
416,0,3,4,4,1,0,0,84,0,2,1,49,"Female","Other","Northeast"
417,0,2,2,4,0,0,0,8,8,4,2,40,"Male","Other","Midwest"
420,1,2,3,6,1,0,1,45,62,3,1,28,"Male","Black","South"
421,1,2,4,4,1,1,1,3,61,6,3,60,"Male","White","Midwest"
422,1,2,5,5,1,0,0,0,45,5,3,64,"Male","White","Midwest"
423,0,2,5,7,1,1,0,71,8,4,1,62,"Female","Black","South"
424,0,2,5,4,1,0,0,100,21,2,1,61,"Female","White","South"
426,1,3,4,1,1,1,1,15,100,6,3,44,"Male","Hispanic","South"
428,0,1,3,5,1,1,1,72,42,3,2,62,"Female","White","Midwest"
429,1,1,3,4,0,0,0,3,42,6,3,45,"Male","White","Midwest"
430,0,1,4,1,0,0,0,27,80,4,3,61,"Female","White","South"
432,1,3,5,4,1,1,1,70,18,2,2,44,"Male","White","Midwest"
433,1,2,5,2,1,0,0,70,69,4,1,53,"Female","Other","West"
434,0,3,5,4,0,0,0,11,15,6,2,79,"Male","White","South"
435,1,2,3,2,1,0,0,15,51,5,2,62,"Male","White","West"
436,0,2,3,4,0,0,0,0,85,7,4,36,"Male","White","South"
438,0,2,3,5,1,0,1,54,41,4,1,22,"Male","Hispanic","South"
439,0,1,5,4,0,0,0,40,22,4,1,23,"Female","Other","Midwest"
440,0,2,5,4,1,0,1,65,45,3,1,54,"Female","White","West"
441,1,3,5,3,1,1,0,53,52,2,1,61,"Male","Other","Midwest"
442,0,3,5,1,1,0,1,26,51,4,3,56,"Female","White","Midwest"
443,0,1,5,4,1,1,1,50,50,5,2,56,"Female","White","West"
445,0,1,4,1,0,1,0,35,10,6,2,29,"Male","Black","Northeast"
446,1,2,4,4,1,0,0,68,17,5,1,67,"Male","Hispanic","South"
447,0,3,5,4,0,0,0,0,88,6,3,58,"Female","White","Northeast"
449,1,3,5,7,1,1,1,81,73,7,1,45,"Male","Black","South"
450,0,1,2,4,1,0,0,50,0,4,4,26,"Female","White","Northeast"
451,1,1,5,7,1,1,1,50,0,1,4,47,"Male","Other","South"
453,1,3,5,6,1,1,1,54,62,4,1,25,"Male","Black","Northeast"
454,1,2,5,6,0,1,0,63,7,2,1,49,"Male","Other","West"
455,0,3,5,1,1,0,0,1,85,6,3,52,"Female","White","Northeast"
456,1,2,5,1,0,0,0,30,30,4,2,38,"Male","White","Midwest"
457,1,3,5,4,0,0,0,0,81,6,3,52,"Male","Hispanic","South"
458,1,2,4,6,1,1,0,58,77,2,1,43,"Female","White","Northeast"
459,0,3,5,4,1,0,1,100,1,4,1,64,"Female","White","South"
460,1,2,5,4,1,0,0,84,4,3,1,53,"Female","White","Midwest"
461,1,2,5,6,0,0,0,70,10,2,1,44,"Female","Hispanic","West"
462,1,3,5,4,1,0,1,59,39,5,2,82,"Female","White","South"
463,0,1,3,4,1,0,1,52,49,7,2,53,"Female","White","Midwest"
464,1,2,3,2,1,1,1,35,60,4,3,58,"Female","White","West"
465,0,1,3,4,1,0,0,66,55,3,4,44,"Male","Hispanic","West"
466,1,1,4,6,0,0,0,76,48,1,1,29,"Male","Black","Midwest"
468,1,2,4,5,1,1,0,73,38,2,1,39,"Female","Hispanic","Midwest"
469,0,1,2,4,1,0,1,42,29,4,2,50,"Female","Hispanic","West"
470,1,3,4,4,1,1,0,1,50,6,2,61,"Male","White","West"
471,1,3,4,6,1,0,0,70,27,2,1,43,"Male","White","Midwest"
472,1,2,2,4,0,1,0,9,67,6,3,29,"Male","White","Northeast"
473,0,1,1,4,1,0,1,25,29,7,2,51,"Female","White","West"
474,1,3,5,5,1,1,0,1,50,6,3,60,"Female","White","Northeast"
475,1,1,3,1,0,1,1,45,45,4,2,23,"Male","Hispanic","Northeast"
477,0,2,4,4,0,0,0,31,70,7,3,61,"Female","White","Midwest"
478,1,2,5,2,0,0,0,0,85,6,3,60,"Female","Other","Northeast"
479,1,1,3,4,1,0,0,0,7,5,4,46,"Female","Hispanic","West"
480,0,2,5,6,1,0,0,71,17,2,1,63,"Male","Black","Midwest"
482,0,2,3,1,1,1,0,15,15,4,1,49,"Female","Hispanic","Northeast"
483,1,1,3,4,1,0,1,78,39,2,1,43,"Female","Hispanic","West"
484,1,3,5,4,1,0,0,74,5,2,1,56,"Female","White","South"
485,1,3,5,1,1,0,0,5,98,7,3,48,"Male","White","Midwest"
486,1,3,4,4,1,0,0,0,30,5,2,59,"Male","White","Midwest"
487,1,3,5,4,1,0,0,87,15,3,1,44,"Male","White","South"
488,0,1,5,1,1,0,0,100,0,2,1,64,"Female","Black","South"
489,1,2,5,5,1,0,0,100,0,1,1,39,"Male","White","West"
490,1,3,5,1,1,1,1,0,18,4,2,26,"Female","White","South"
491,1,3,5,6,1,1,1,56,45,3,2,63,"Male","White","South"
492,1,2,4,5,0,0,0,14,0,2,1,35,"Male","White","Midwest"
493,1,1,4,4,0,0,0,15,16,4,2,36,"Female","Other","South"
494,1,2,3,4,1,1,1,53,51,4,1,24,"Male","Hispanic","South"
495,0,1,5,5,0,0,0,36,13,4,2,55,"Female","Black","Midwest"
496,0,3,2,1,0,0,0,0,60,6,3,63,"Male","White","South"
497,1,1,3,2,1,0,0,0,30,5,2,53,"Male","Hispanic","West"
498,1,2,4,4,1,0,0,5,61,6,3,36,"Male","White","West"
499,0,3,5,4,1,0,0,4,100,6,3,47,"Male","White","South"
500,1,2,2,4,0,0,0,63,55,5,2,33,"Male","Black","South"
502,0,3,3,1,0,0,0,14,77,4,2,60,"Female","Hispanic","South"
503,1,3,5,7,0,0,0,60,0,1,2,32,"Male","Hispanic","West"
504,0,1,5,4,1,0,0,84,52,4,1,62,"Female","Black","West"
505,0,1,3,4,1,0,0,55,53,4,2,31,"Female","Hispanic","West"
506,0,3,5,4,1,1,0,5,100,6,2,47,"Male","Black","West"
507,0,1,2,4,0,0,0,50,50,4,2,59,"Female","White","Midwest"
508,1,1,4,4,1,1,1,56,20,4,1,32,"Female","Black","Midwest"
509,1,1,3,4,0,0,0,40,2,4,1,25,"Female","Hispanic","West"
510,1,3,2,4,1,0,1,85,15,2,1,59,"Female","Black","South"
511,0,2,4,1,1,1,1,67,100,6,3,55,"Male","Hispanic","South"
512,1,3,5,4,0,0,1,17,0,4,1,44,"Male","Hispanic","South"
513,1,2,3,5,1,0,0,56,37,2,1,39,"Male","Black","Midwest"
514,0,2,5,1,1,0,1,0,24,4,2,49,"Female","Black","South"
515,0,1,4,7,1,1,1,60,70,6,3,51,"Female","Black","South"
516,1,3,5,6,1,1,0,60,6,1,4,42,"Male","Hispanic","South"
517,1,2,4,4,1,0,0,13,15,2,2,60,"Female","Black","South"
518,0,3,5,7,0,0,1,98,0,4,1,56,"Female","Black","South"
519,1,2,5,7,1,0,0,42,0,1,1,53,"Female","White","South"
520,1,2,5,5,1,0,0,79,6,2,1,54,"Female","White","Midwest"
522,1,2,3,4,1,1,1,0,72,6,3,44,"Female","White","Midwest"
523,0,2,4,4,1,0,1,50,50,5,4,36,"Female","White","Midwest"
524,0,3,5,5,0,0,0,30,70,7,3,18,"Male","White","South"
525,1,3,5,4,0,0,0,0,40,7,3,38,"Male","White","Midwest"
526,0,1,4,5,1,0,1,41,28,4,2,22,"Female","Black","South"
527,1,2,5,4,1,0,0,54,67,4,4,28,"Male","Black","South"
528,1,2,4,4,1,0,1,100,0,1,1,36,"Female","White","South"
529,1,1,4,1,0,0,0,54,44,4,4,29,"Female","White","Midwest"
530,1,1,3,4,1,0,0,0,91,6,3,43,"Female","White","Midwest"
531,0,2,5,5,1,1,0,96,56,2,1,28,"Male","White","West"
532,1,2,5,6,1,1,0,15,0,1,4,36,"Female","White","West"
533,1,2,4,2,1,1,1,97,84,4,1,43,"Male","White","West"
534,1,1,2,4,1,0,0,5,14,4,2,53,"Male","White","Midwest"
535,0,2,3,5,0,0,0,10,66,4,3,39,"Female","White","West"
536,0,1,3,5,1,0,0,25,25,5,2,26,"Female","White","Midwest"
537,1,2,4,1,1,1,1,100,53,4,1,28,"Male","White","West"
538,0,2,4,2,1,0,0,13,20,5,2,64,"Female","White","South"
542,1,2,5,5,1,1,0,54,100,5,3,56,"Male","Hispanic","Northeast"
544,1,3,5,4,1,1,0,0,85,4,2,35,"Female","Hispanic","South"
545,1,1,5,1,0,0,0,98,98,4,2,31,"Male","White","South"
547,1,2,5,2,1,1,1,16,100,7,3,31,"Female","White","South"
548,1,1,2,4,1,0,1,51,51,3,2,30,"Female","White","Midwest"
550,1,2,4,4,1,0,0,0,100,7,3,63,"Female","White","South"
551,1,3,5,4,1,0,0,29,72,6,2,58,"Female","White","Midwest"
552,1,3,4,3,1,0,0,85,40,2,1,41,"Female","Hispanic","West"
553,0,2,3,4,0,0,0,60,30,3,1,31,"Male","Other","Northeast"
554,1,1,4,3,1,0,0,60,60,4,4,35,"Female","White","South"
555,1,1,5,7,0,1,1,6,99,5,3,18,"Male","White","South"
556,0,2,5,5,1,0,1,89,87,2,2,46,"Male","White","Northeast"
557,0,2,5,4,1,0,0,12,57,6,4,61,"Male","White","Midwest"
558,1,3,5,1,1,1,0,85,15,4,1,44,"Male","White","Midwest"
559,0,1,4,1,1,0,0,50,50,4,4,43,"Female","White","Midwest"
560,0,2,2,4,1,0,1,50,51,5,3,43,"Female","White","South"
561,1,3,5,4,1,1,1,100,55,2,1,33,"Male","White","South"
562,1,2,3,5,1,1,0,0,50,4,2,33,"Male","White","South"
563,1,1,1,4,1,0,1,0,0,4,4,22,"Female","White","Northeast"
564,1,2,5,4,1,1,0,0,81,6,3,54,"Male","White","West"
565,0,3,4,4,1,0,0,62,55,4,1,23,"Female","White","Northeast"
566,0,2,3,4,0,0,0,30,88,4,3,21,"Male","Black","West"
567,1,1,3,3,1,0,1,6,99,2,3,27,"Female","Hispanic","West"
568,1,1,5,4,1,1,1,39,38,5,3,28,"Female","White","West"
569,1,2,2,1,1,1,1,51,0,2,2,22,"Female","White","Midwest"
572,0,2,2,3,1,1,1,0,0,4,2,48,"Male","Hispanic","West"
573,1,2,3,4,1,0,1,53,56,4,2,40,"Male","White","South"
574,0,1,3,4,1,0,0,1,0,4,2,36,"Male","White","South"
576,1,3,4,6,1,1,1,100,71,2,1,48,"Male","White","South"
577,0,2,3,4,1,1,0,5,2,1,4,56,"Male","White","West"
578,1,2,5,6,1,0,1,75,17,1,1,24,"Male","White","West"
579,1,3,5,1,1,1,1,92,44,1,1,38,"Male","White","Northeast"
580,1,2,4,4,1,0,0,43,2,4,2,30,"Male","White","West"
581,1,3,5,4,1,1,1,85,14,3,1,55,"Male","White","Midwest"
582,1,3,5,1,1,0,1,32,15,1,1,42,"Male","White","West"
583,0,3,3,4,1,0,0,70,15,4,2,55,"Male","White","South"
584,1,2,3,5,1,1,1,8,8,4,2,33,"Male","Hispanic","South"
585,1,1,4,6,1,1,0,36,34,4,1,42,"Female","White","Northeast"
586,0,1,1,4,1,0,0,46,41,4,4,32,"Female","White","South"
587,0,3,3,4,1,0,0,41,2,4,2,64,"Male","White","Midwest"
588,1,3,4,5,1,1,1,69,47,2,1,48,"Male","White","West"
589,1,3,4,6,1,0,1,88,3,3,2,27,"Female","Hispanic","South"
591,1,2,4,6,1,1,0,80,18,3,4,43,"Female","White","Northeast"
592,1,2,4,1,1,0,0,4,61,5,3,36,"Female","White","South"
593,0,3,4,3,1,1,0,70,0,4,2,44,"Female","White","South"
594,1,2,5,6,1,0,0,71,15,1,1,33,"Female","White","West"
595,1,3,4,6,1,1,1,75,0,2,1,32,"Female","White","Northeast"
596,1,3,5,4,1,1,0,3,32,4,4,49,"Female","White","Midwest"
597,0,1,3,3,1,0,0,11,46,6,3,65,"Female","White","West"
598,1,1,3,4,1,0,1,0,100,6,3,55,"Male","Other","South"
599,1,2,5,4,1,1,1,19,60,4,2,44,"Male","Hispanic","South"
600,1,1,2,4,0,0,1,38,28,4,2,20,"Male","Hispanic","South"
601,0,1,4,2,1,0,0,65,40,3,1,45,"Female","White","Midwest"
602,1,3,5,4,1,1,1,100,60,2,1,28,"Male","White","Northeast"
603,0,2,4,2,1,0,1,50,46,4,2,46,"Male","Black","West"
604,0,3,5,4,1,0,0,2,72,6,3,44,"Male","Other","South"
605,1,3,4,2,1,1,1,6,98,6,3,52,"Male","Hispanic","Northeast"
606,1,3,4,6,1,1,1,40,50,1,1,23,"Male","Hispanic","South"
607,0,2,3,3,1,1,1,50,51,4,2,20,"Male","Hispanic","South"
608,1,3,5,4,1,0,1,0,0,6,2,41,"Female","White","Midwest"
609,0,1,3,4,0,0,0,7,2,4,3,22,"Female","White","West"
610,1,3,5,4,1,1,1,9,95,5,3,34,"Female","White","Midwest"
611,0,1,4,7,0,0,0,1,50,5,2,30,"Female","White","South"
612,1,1,3,4,1,0,0,44,44,4,2,41,"Female","White","Midwest"
614,1,3,5,1,0,1,1,6,6,3,2,20,"Male","White","Northeast"
615,1,2,3,4,1,0,0,0,39,7,3,19,"Female","White","South"
616,1,3,5,5,1,0,0,0,80,7,3,18,"Female","White","West"
617,1,1,3,1,1,0,1,50,100,4,3,59,"Female","White","South"
618,0,1,1,4,0,0,0,49,49,4,4,20,"Female","Hispanic","South"
620,1,2,4,4,1,0,0,50,50,4,1,38,"Female","White","Midwest"
621,1,3,5,4,1,1,1,100,16,2,1,29,"Male","Hispanic","South"
622,1,3,5,6,1,0,0,47,35,4,1,45,"Male","Black","South"
623,0,3,5,2,1,1,1,42,100,6,3,19,"Male","White","Northeast"
624,1,2,4,2,1,1,0,33,73,4,3,59,"Female","White","South"
625,1,3,5,6,1,1,1,84,34,4,1,26,"Male","Hispanic","South"
626,1,3,5,5,1,1,1,64,73,5,3,56,"Male","Hispanic","Northeast"
627,1,3,4,4,1,0,0,61,80,4,3,54,"Female","White","South"
628,1,2,2,4,1,0,0,16,77,5,3,46,"Female","White","South"
629,1,2,4,6,1,1,1,100,0,2,1,22,"Male","White","South"
630,1,3,4,6,1,1,1,40,95,4,3,25,"Male","White","West"
631,0,2,3,4,1,0,1,100,0,4,1,62,"Male","Black","South"
633,0,2,4,2,1,0,1,13,84,5,3,29,"Female","White","West"
634,1,2,4,3,0,0,0,70,0,4,2,58,"Male","White","Northeast"
635,1,3,5,5,1,1,1,100,17,1,1,58,"Female","Hispanic","Midwest"
636,1,2,5,3,1,0,0,60,55,4,1,26,"Female","Other","Northeast"
637,0,1,3,4,1,0,1,17,13,7,1,35,"Male","Black","South"
638,1,2,2,2,1,0,1,86,76,4,2,39,"Female","Black","South"
639,0,2,3,4,0,1,0,25,75,4,2,42,"Male","White","South"
640,0,2,3,5,0,0,0,32,53,5,3,22,"Male","White","South"
641,0,2,1,4,1,0,0,41,16,3,2,32,"Female","Other","South"
642,1,1,4,6,1,1,0,34,24,1,1,37,"Female","Other","Midwest"
644,1,3,4,7,0,1,0,59,18,1,1,56,"Male","White","Northeast"
645,1,3,5,2,1,1,0,0,21,7,2,67,"Male","White","West"
646,0,3,5,4,1,1,1,61,38,3,3,19,"Male","White","South"
647,1,3,5,6,1,1,1,100,100,7,3,20,"Male","White","West"
649,0,2,5,4,1,1,0,0,50,7,3,45,"Male","White","South"
650,0,3,4,1,1,0,0,80,0,3,1,64,"Male","White","Northeast"
652,1,2,2,5,1,0,0,49,72,6,3,28,"Male","Black","South"
653,1,2,4,4,1,0,1,44,64,5,3,53,"Female","White","South"
655,1,2,4,4,1,0,1,5,100,4,2,53,"Female","White","West"
656,0,2,5,1,0,0,0,28,80,6,3,64,"Female","White","West"
657,1,3,5,4,0,0,0,0,100,6,3,60,"Male","White","South"
658,1,1,3,1,1,0,0,79,29,2,1,19,"Male","Hispanic","West"
659,0,1,3,4,0,1,1,60,0,1,1,33,"Female","Other","South"
660,0,3,4,4,1,0,0,1,65,7,3,86,"Female","White","South"
661,1,2,3,4,1,0,0,50,50,4,2,67,"Female","White","South"
662,1,3,4,6,1,1,1,51,53,4,2,37,"Male","White","South"
663,1,2,4,4,1,0,0,15,50,5,3,61,"Male","Hispanic","Northeast"
664,1,3,3,5,1,1,1,70,41,3,1,38,"Male","White","Midwest"
665,1,2,5,6,1,0,1,70,0,3,1,56,"Female","Black","West"
666,1,2,4,4,1,0,0,5,86,6,3,69,"Female","White","South"
667,0,2,5,4,1,0,1,6,85,5,3,25,"Female","White","Midwest"
669,1,1,2,1,1,0,0,87,43,4,1,21,"Male","Hispanic","West"
670,1,2,4,5,1,1,1,97,64,3,1,37,"Male","White","Northeast"
671,1,3,4,6,1,1,1,85,16,2,1,32,"Male","Black","Northeast"
672,0,3,5,3,1,0,1,46,1,2,2,45,"Male","White","West"
673,1,2,4,6,1,1,0,74,8,4,1,29,"Female","White","West"
674,1,3,5,4,0,0,0,70,0,2,2,34,"Female","White","Midwest"
675,1,3,4,4,1,1,0,0,70,6,3,61,"Female","White","Midwest"
676,1,2,5,7,1,1,1,40,0,1,4,43,"Female","White","South"
677,0,2,5,1,1,0,0,13,70,5,3,82,"Female","White","Midwest"
678,1,3,5,6,1,1,0,85,0,2,1,68,"Female","White","South"
679,1,2,4,3,1,1,1,90,30,2,1,38,"Male","White","Northeast"
680,1,3,5,7,1,1,1,100,50,1,1,32,"Male","White","Northeast"
681,1,3,4,3,1,1,1,94,17,2,1,30,"Male","Black","West"
683,1,3,4,6,1,1,0,100,2,2,1,60,"Female","Hispanic","South"
684,1,1,2,1,0,0,0,43,43,4,2,56,"Female","White","Northeast"
685,1,3,4,6,1,1,0,97,0,3,1,64,"Female","White","West"
686,0,2,4,4,1,0,0,0,68,6,2,71,"Female","White","Northeast"
687,1,2,5,4,0,0,0,7,89,7,3,78,"Male","White","Midwest"
688,0,2,4,5,1,0,0,87,72,2,2,65,"Female","White","Midwest"
689,0,1,3,4,1,0,0,51,50,4,2,62,"Female","White","South"
690,1,2,4,4,1,1,0,0,60,5,3,49,"Male","Other","Midwest"
691,1,2,2,2,1,1,1,60,0,2,1,29,"Male","White","South"
692,1,3,5,6,1,0,1,82,43,1,1,27,"Female","Black","South"
693,0,3,4,6,1,0,1,100,15,2,1,79,"Female","White","Midwest"
694,1,3,5,7,1,0,0,100,0,2,1,64,"Female","White","Northeast"
695,1,2,4,6,1,0,0,68,83,2,3,29,"Male","White","Northeast"
696,0,3,3,4,1,0,0,0,88,7,3,88,"Female","White","Midwest"
697,0,3,5,6,1,1,0,85,5,3,1,61,"Male","White","Midwest"
698,0,3,5,1,1,1,1,40,85,6,2,71,"Female","White","South"
699,0,3,5,5,1,0,0,0,90,7,3,68,"Female","White","South"
700,0,1,2,2,0,0,0,42,42,5,2,74,"Female","White","Midwest"
701,1,1,3,5,1,0,0,63,62,4,2,67,"Female","White","Northeast"
702,0,2,3,4,1,1,0,61,60,4,2,23,"Male","Hispanic","West"
703,0,3,4,4,1,0,0,39,60,6,2,61,"Male","White","South"
704,1,3,5,5,1,1,0,66,6,3,2,46,"Male","White","Midwest"
706,0,3,5,4,1,0,0,15,61,6,3,66,"Female","White","South"
707,1,3,4,6,1,0,0,67,8,2,1,61,"Female","White","South"
708,1,3,5,3,1,1,1,10,54,4,2,55,"Female","White","West"
709,1,3,5,4,1,1,1,100,50,2,1,28,"Male","White","Northeast"
710,0,3,5,4,1,0,0,90,70,5,1,73,"Female","White","South"
711,0,3,4,6,1,0,0,83,3,1,1,75,"Female","White","Midwest"
712,0,3,5,6,1,1,0,1,56,5,2,70,"Female","White","Midwest"
713,1,1,4,5,1,0,0,84,37,4,1,23,"Male","White","South"
714,1,2,4,3,1,0,0,75,77,3,2,24,"Female","White","South"
715,0,3,3,5,1,1,0,40,0,1,4,22,"Female","Black","South"
716,0,1,3,4,0,1,1,52,49,4,2,20,"Female","Hispanic","South"
717,0,2,5,3,1,1,0,50,50,4,2,47,"Male","Other","West"
718,1,2,1,4,1,0,1,18,38,5,2,28,"Female","Hispanic","Northeast"
720,1,2,3,6,1,0,0,74,24,2,1,49,"Female","White","Midwest"
721,1,3,5,6,1,0,0,3,60,7,3,66,"Female","White","West"
722,0,3,5,3,1,0,1,6,100,6,3,72,"Female","White","South"
723,0,3,5,1,0,0,0,0,0,4,2,68,"Male","White","Midwest"
725,0,3,5,2,0,0,0,9,62,4,3,66,"Female","White","Midwest"
726,1,3,4,4,1,0,0,100,100,3,1,21,"Male","White","South"
727,1,1,3,4,1,0,0,73,2,1,1,64,"Female","White","South"
728,1,1,5,6,1,0,1,85,1,2,1,67,"Female","White","South"
729,0,1,2,4,0,0,0,1,34,4,4,64,"Male","White","West"
730,0,3,5,5,1,1,0,100,0,2,1,56,"Male","White","Midwest"
731,0,1,5,1,1,0,0,0,100,7,3,72,"Female","Other","South"
732,0,3,4,6,1,0,1,44,35,4,2,52,"Male","Black","Midwest"
733,0,3,5,5,1,1,0,100,0,1,1,67,"Male","Hispanic","Northeast"
735,0,3,5,6,1,0,0,50,100,6,3,67,"Female","White","West"
736,0,2,3,3,1,0,1,70,0,4,1,62,"Female","Black","Midwest"
737,1,3,4,5,1,0,1,2,84,4,3,56,"Male","White","Northeast"
738,1,2,5,1,1,1,1,8,22,4,2,29,"Female","Hispanic","Midwest"
739,0,3,4,2,1,1,0,15,60,6,2,71,"Female","White","South"
740,0,3,5,4,1,1,1,1,70,5,3,65,"Female","White","South"
741,1,2,5,3,1,0,0,15,70,5,2,65,"Female","White","Northeast"
742,1,1,4,4,1,1,0,84,4,4,2,70,"Female","White","South"
743,0,2,5,1,1,0,0,82,74,4,1,85,"Female","White","Midwest"
745,0,2,4,7,1,0,0,96,5,2,1,68,"Female","Hispanic","West"
746,1,2,4,3,1,0,0,18,44,4,2,61,"Female","White","South"
747,1,2,2,2,1,0,0,62,39,2,1,64,"Female","White","South"
748,1,3,5,6,1,1,1,8,99,2,1,47,"Male","White","Midwest"
749,1,2,4,5,1,0,0,73,61,2,3,33,"Male","Hispanic","South"
750,1,3,5,2,1,1,0,15,57,7,2,69,"Male","White","West"
751,1,3,5,4,0,0,0,0,30,4,2,58,"Male","White","West"
752,1,3,5,4,1,0,0,52,33,5,4,66,"Female","White","Northeast"
753,0,1,3,4,1,0,0,40,55,5,3,55,"Female","White","Northeast"
754,1,1,1,4,0,0,0,0,100,6,3,21,"Female","White","Midwest"
755,1,1,2,7,0,0,0,0,0,1,4,27,"Male","White","Northeast"
756,1,3,4,4,1,0,1,40,30,4,2,53,"Male","Other","Northeast"
757,1,1,2,4,0,0,0,14,0,4,4,62,"Male","Other","Northeast"
758,0,2,5,6,1,0,0,66,0,1,2,63,"Male","Other","Northeast"
759,1,3,5,7,1,0,0,80,0,1,1,43,"Female","White","South"
760,0,1,2,4,0,0,0,10,4,4,4,59,"Female","Black","South"
761,0,3,5,4,0,1,0,85,16,3,1,60,"Male","Black","West"
762,1,1,3,4,1,1,0,53,88,4,3,51,"Female","White","Midwest"
763,0,2,2,4,0,0,0,63,15,3,1,84,"Male","White","West"
764,0,2,5,2,1,0,0,13,63,6,3,67,"Female","White","South"
765,0,3,5,1,1,1,0,15,15,4,2,67,"Female","White","West"
766,1,3,5,1,1,1,0,0,100,6,3,67,"Female","White","Midwest"
767,0,3,3,6,1,0,0,0,85,6,3,73,"Female","White","Midwest"
768,1,3,5,5,1,0,1,36,22,1,4,42,"Male","Other","Midwest"
769,1,1,4,4,1,0,1,41,40,4,2,41,"Male","White","Midwest"
770,1,2,4,5,1,1,1,65,15,2,1,45,"Male","Hispanic","Northeast"
771,0,2,3,5,1,1,1,54,62,4,1,51,"Male","Black","Northeast"
772,1,3,5,2,1,0,0,50,47,4,1,55,"Male","Other","West"
773,1,2,2,2,0,0,0,71,12,1,1,57,"Female","Hispanic","West"
774,0,3,5,4,1,1,0,100,1,4,1,62,"Female","Hispanic","West"
775,0,3,5,7,1,1,0,80,0,2,1,62,"Male","Other","Northeast"
776,1,3,4,5,1,1,1,74,17,2,2,59,"Female","Hispanic","West"
777,0,3,5,5,1,1,0,51,53,4,3,63,"Female","White","Midwest"
778,0,1,5,4,1,0,1,32,44,6,2,73,"Female","White","South"
779,1,3,3,4,0,0,0,0,61,6,3,61,"Male","White","South"
780,0,2,3,4,1,0,0,84,29,4,2,77,"Male","White","Midwest"
781,0,2,3,1,0,0,0,2,48,6,3,73,"Female","White","West"
782,0,2,4,3,1,1,1,71,37,4,1,61,"Female","White","Midwest"
783,0,3,5,6,1,1,0,0,75,6,2,53,"Female","White","South"
784,1,3,5,4,0,1,0,18,16,4,3,53,"Female","Hispanic","Northeast"
786,0,1,4,3,1,0,0,27,31,5,3,72,"Female","White","South"
788,1,2,3,1,1,0,0,11,29,5,3,51,"Female","White","West"
790,1,2,1,3,1,1,1,48,48,4,2,43,"Female","White","West"
791,1,2,3,1,0,0,0,1,63,7,3,51,"Female","White","Midwest"
792,0,2,4,4,1,0,0,1,96,6,3,77,"Male","White","West"
793,0,3,5,4,1,1,0,100,0,2,1,73,"Female","Hispanic","West"
794,1,2,4,2,1,0,0,90,0,3,1,50,"Female","White","Northeast"
795,0,2,4,1,1,0,0,51,74,6,1,65,"Male","White","Midwest"
796,1,3,5,4,1,1,1,66,61,7,3,28,"Female","White","West"
798,0,1,1,4,0,0,0,60,2,4,2,33,"Female","Hispanic","West"
799,0,3,3,4,1,1,1,1,45,7,4,64,"Female","White","South"
800,1,2,5,3,1,0,1,52,24,4,1,49,"Female","White","West"
801,1,2,4,4,1,0,1,39,13,4,2,42,"Female","Black","South"
802,1,1,3,5,1,0,1,25,56,2,2,23,"Male","Black","Midwest"
804,1,2,5,3,0,0,0,58,55,4,2,60,"Female","Black","Midwest"
807,1,3,5,6,1,1,0,87,11,6,1,43,"Male","Black","Northeast"
808,1,2,4,2,1,1,1,6,73,6,3,55,"Female","Other","West"
810,1,3,3,4,1,1,0,1,2,4,4,61,"Male","White","Northeast"
813,0,1,1,3,0,0,0,50,50,4,2,43,"Female","White","West"
814,1,2,2,4,0,0,0,16,75,4,3,43,"Male","White","Northeast"
815,1,2,1,4,1,0,1,31,71,6,3,33,"Female","White","Midwest"
816,1,2,4,5,1,1,0,57,14,3,2,22,"Male","White","South"
817,0,3,4,6,1,0,0,43,100,4,3,33,"Male","White","West"
820,1,1,3,2,1,1,0,4,6,7,3,45,"Female","Hispanic","South"
821,0,1,3,3,1,0,1,14,70,4,3,42,"Female","White","Midwest"
823,0,1,5,2,0,0,0,30,50,4,2,39,"Female","Hispanic","South"
824,1,2,5,6,1,0,0,71,29,2,2,40,"Female","White","Midwest"
825,0,3,5,2,1,0,1,3,78,4,3,69,"Female","White","Midwest"
826,0,2,5,4,1,1,0,24,23,4,1,82,"Female","White","Northeast"
827,1,2,4,3,1,0,0,50,50,4,3,45,"Female","White","South"
828,0,1,3,3,1,1,1,62,18,2,1,28,"Female","White","South"
829,1,3,4,6,1,0,1,77,14,1,4,54,"Female","White","South"
830,1,1,4,6,1,0,0,1,40,6,3,45,"Male","White","South"
831,1,2,4,4,1,1,0,85,15,3,1,47,"Female","White","South"
832,0,3,4,6,1,0,0,54,2,1,2,66,"Female","Hispanic","South"
833,1,3,5,4,1,1,0,1,100,7,3,48,"Female","White","Midwest"
834,1,3,5,6,1,1,0,79,5,3,1,63,"Male","White","South"
836,0,3,5,7,1,0,0,79,3,2,1,83,"Female","White","West"
837,1,3,3,6,1,1,0,12,95,6,3,29,"Male","White","West"
840,0,3,3,4,1,0,0,15,15,5,2,62,"Female","White","Northeast"
841,0,1,2,1,1,1,1,84,60,4,1,25,"Male","Black","West"
842,0,3,5,2,0,0,0,20,70,6,3,69,"Male","Hispanic","West"
843,1,2,3,4,1,0,1,41,44,4,2,58,"Female","White","Midwest"
845,1,3,3,4,0,1,0,33,73,6,2,22,"Male","Hispanic","Northeast"
846,1,3,5,5,0,0,0,15,82,6,3,65,"Male","White","Midwest"
847,0,1,2,4,1,0,0,6,50,4,2,41,"Male","Hispanic","West"
848,1,2,3,5,0,0,0,51,30,2,2,20,"Female","White","South"
849,0,2,5,4,0,0,0,15,81,5,2,84,"Female","White","South"
850,0,3,3,2,1,1,1,0,100,6,3,73,"Female","White","South"
851,0,2,5,4,1,0,0,16,62,6,2,76,"Female","White","Northeast"
854,0,3,3,4,1,1,0,1,40,6,2,77,"Female","White","South"
855,0,3,5,6,1,0,1,2,84,6,3,69,"Female","White","West"
856,0,3,4,4,1,0,0,0,87,6,3,73,"Female","White","South"
858,0,2,3,1,1,0,0,1,100,6,3,70,"Female","White","Northeast"
860,1,3,4,3,1,0,1,15,85,6,3,35,"Male","Hispanic","South"
861,0,2,1,1,1,0,0,80,7,1,2,78,"Female","White","Midwest"
862,0,3,5,5,1,0,0,0,0,3,2,67,"Female","White","South"
863,0,2,4,6,0,1,0,27,89,7,3,43,"Male","White","South"
864,1,3,4,6,1,1,1,40,87,5,3,43,"Male","White","South"
865,1,3,5,7,1,1,1,86,54,2,1,47,"Male","White","West"
866,1,3,4,6,1,1,1,52,77,4,3,33,"Female","Hispanic","South"
867,1,3,2,4,1,1,0,78,3,3,1,38,"Male","Black","West"
868,1,2,4,1,0,0,0,84,9,2,1,27,"Female","White","Northeast"
870,0,3,5,7,1,1,1,40,0,4,2,74,"Female","Black","Northeast"
872,0,1,2,1,0,0,0,1,72,4,2,57,"Female","Hispanic","South"
873,0,3,5,4,1,1,0,100,0,2,1,73,"Female","White","South"
874,0,2,2,4,1,0,1,61,16,4,1,21,"Male","Black","Northeast"
875,1,2,5,4,1,1,1,100,67,2,1,21,"Male","Black","Northeast"
876,1,2,5,2,0,0,0,70,0,2,1,26,"Male","Hispanic","West"
879,1,3,3,5,0,1,1,33,8,3,2,34,"Male","Other","Midwest"
881,0,1,4,2,1,0,0,72,26,2,1,27,"Male","Hispanic","South"
882,1,2,3,4,1,0,1,60,0,1,1,39,"Female","White","South"
885,0,2,3,4,1,0,1,61,20,2,1,46,"Male","Black","South"
886,1,2,4,4,1,1,0,78,49,2,1,23,"Female","Black","Northeast"
887,1,2,4,5,1,0,0,35,8,2,1,33,"Female","Other","South"
890,1,2,4,5,1,1,1,40,63,4,3,38,"Male","White","Northeast"
891,1,2,3,5,1,1,1,49,45,4,1,48,"Male","White","West"
892,0,1,1,2,0,0,0,59,69,4,3,26,"Female","Black","South"
893,0,2,4,5,1,0,0,71,76,3,3,23,"Male","Hispanic","South"
894,1,3,2,4,1,0,0,42,87,4,2,77,"Male","White","South"
895,0,1,2,2,1,0,0,100,0,2,1,63,"Female","White","Midwest"
896,1,3,5,4,1,1,1,100,45,2,1,28,"Male","White","Northeast"
897,1,2,5,1,1,0,0,76,42,2,1,22,"Female","White","Northeast"
898,0,1,1,2,1,1,1,100,41,4,1,59,"Female","Hispanic","Northeast"
899,0,2,4,5,1,0,1,53,13,1,1,26,"Female","Other","South"
900,1,1,3,6,1,0,0,72,5,3,2,46,"Female","Other","South"
902,0,2,3,4,1,0,0,56,37,6,4,33,"Female","Other","South"
903,0,2,4,6,1,1,1,96,73,1,1,20,"Male","White","Midwest"
904,1,2,3,5,0,0,0,59,10,3,1,61,"Female","White","West"
905,1,2,3,4,1,0,1,87,96,4,3,45,"Female","White","South"
906,0,2,2,4,1,0,1,70,40,3,2,53,"Female","White","Midwest"
907,1,1,4,4,1,0,1,95,92,4,4,68,"Female","Black","South"
908,0,2,2,4,1,0,0,25,65,6,2,71,"Female","White","Midwest"
909,1,2,4,5,1,0,1,100,47,4,1,27,"Female","White","Northeast"
910,1,2,4,4,1,1,1,55,60,5,2,37,"Male","White","Northeast"
911,1,2,5,7,1,0,0,40,96,2,1,39,"Female","Hispanic","Midwest"
912,1,2,3,4,1,1,1,40,14,4,2,33,"Female","White","South"
913,1,1,4,4,1,0,0,2,50,3,4,26,"Male","White","West"
914,1,2,5,1,1,1,1,83,52,4,1,31,"Male","Black","South"
915,1,2,5,6,1,0,0,92,30,1,1,70,"Female","White","West"
916,0,3,5,1,1,0,0,15,4,4,1,58,"Male","White","West"
918,1,3,4,4,1,0,0,1,42,5,3,54,"Female","White","Midwest"
919,1,2,3,2,1,1,1,86,70,4,1,43,"Male","White","West"
920,0,3,5,6,1,0,0,84,21,2,1,73,"Female","White","South"
922,0,1,5,7,1,1,1,11,86,4,3,26,"Female","Hispanic","South"
923,1,2,4,4,1,1,0,50,50,5,1,62,"Female","White","South"
924,0,3,5,6,0,0,0,93,17,2,1,74,"Female","Black","Northeast"
925,0,3,5,7,1,1,0,90,15,2,1,71,"Female","White","South"
927,1,2,4,5,1,0,0,71,53,4,1,33,"Female","White","West"
928,0,2,4,2,1,1,0,0,70,7,3,64,"Female","White","South"
929,1,3,5,7,1,1,0,96,0,2,2,63,"Female","White","Northeast"
930,1,3,2,4,1,0,0,6,51,6,2,70,"Male","Other","West"
931,1,2,3,4,1,0,0,45,66,5,3,75,"Female","White","Midwest"
932,0,2,3,5,1,0,0,40,40,5,2,30,"Female","White","South"
934,1,3,5,4,1,1,0,76,10,2,1,26,"Male","White","South"
936,0,3,5,6,1,1,0,5,72,6,2,69,"Female","White","Northeast"
937,1,3,4,4,1,0,0,38,60,5,3,58,"Female","White","West"
939,0,2,4,4,1,1,0,75,1,1,2,29,"Female","Hispanic","Midwest"
940,1,3,5,3,1,1,1,99,0,1,2,52,"Female","Hispanic","South"
942,1,1,4,4,1,0,1,26,31,4,1,46,"Female","Other","Northeast"
943,0,3,5,7,1,1,0,9,19,4,2,37,"Female","White","West"
944,0,2,1,4,1,1,0,15,84,6,3,49,"Male","White","South"
945,0,1,4,1,1,0,0,100,16,5,1,26,"Male","Other","Northeast"
946,1,3,5,4,1,1,1,100,54,2,1,28,"Male","White","South"
947,1,2,5,3,1,0,1,0,70,6,2,52,"Male","White","Midwest"
948,0,2,4,4,1,0,0,40,71,5,3,57,"Male","White","South"
949,1,3,4,1,1,0,1,15,75,6,3,55,"Female","White","South"
950,0,1,3,1,1,0,1,0,100,7,3,42,"Male","White","Midwest"
951,1,3,5,6,1,0,1,100,91,7,3,33,"Male","Black","Midwest"
954,1,1,2,4,1,1,0,4,6,4,4,54,"Female","White","South"
955,1,2,3,6,0,0,0,55,5,2,1,42,"Male","White","South"
956,1,1,3,4,0,0,0,8,8,4,1,59,"Female","White","West"
957,0,3,3,2,1,1,0,16,83,6,3,72,"Male","Hispanic","South"
958,1,3,5,1,1,0,0,0,99,6,3,60,"Male","White","South"
959,1,3,5,4,1,1,0,0,75,6,4,62,"Male","White","Northeast"
960,0,3,4,2,1,0,0,100,0,2,1,50,"Female","White","South"
961,1,2,5,4,1,1,1,14,12,4,2,53,"Male","White","Midwest"
962,1,2,5,6,1,0,0,1,85,6,3,56,"Male","White","Midwest"
963,0,3,2,4,1,1,0,0,33,6,3,50,"Female","White","South"
964,0,3,5,4,1,0,0,10,9,4,1,79,"Male","White","Midwest"
965,0,1,1,4,1,1,0,15,0,2,2,47,"Female","Hispanic","South"
966,0,3,4,4,1,0,1,50,8,4,2,59,"Male","White","South"
967,1,3,5,1,1,0,1,5,50,4,3,51,"Male","White","South"
968,0,3,5,6,1,0,0,97,0,2,1,66,"Female","Other","West"
969,0,1,3,4,0,0,0,30,20,4,2,77,"Male","Black","South"
970,1,1,5,3,0,0,0,60,40,6,2,55,"Female","White","Midwest"
971,0,3,4,4,1,1,1,29,84,4,3,37,"Male","White","South"
972,1,3,3,7,1,1,0,35,33,3,1,66,"Male","Black","South"
973,1,2,4,4,1,1,1,59,61,5,2,24,"Male","Black","West"
974,0,1,2,4,1,0,1,51,72,6,3,30,"Female","Hispanic","West"
975,0,2,5,4,0,0,0,100,0,2,1,30,"Male","Hispanic","West"
976,0,2,5,6,1,0,0,70,30,2,2,79,"Female","White","South"
977,0,3,3,4,0,0,0,0,94,6,3,58,"Male","White","Midwest"
978,1,3,5,4,1,0,0,49,0,4,1,59,"Male","White","Midwest"
979,0,3,5,6,1,0,1,95,1,2,1,68,"Female","White","South"
981,0,2,5,4,0,0,0,97,31,2,1,75,"Female","Black","South"
982,0,2,4,5,0,1,0,8,43,5,3,62,"Male","White","South"
983,0,1,4,4,0,0,0,56,40,4,1,21,"Male","Hispanic","Midwest"
984,1,2,4,5,1,1,1,84,62,4,1,25,"Female","White","South"
985,1,3,5,1,1,1,0,1,62,4,3,63,"Male","White","South"
986,0,2,5,4,1,1,1,100,0,4,1,53,"Female","Black","South"
987,0,3,5,4,1,1,0,3,50,4,3,59,"Female","White","Midwest"
988,1,3,5,4,1,0,0,85,0,2,1,70,"Female","White","South"
989,0,1,4,4,1,1,1,1,90,4,3,34,"Female","White","South"
990,0,3,4,5,1,0,0,60,45,3,2,62,"Male","White","Midwest"
991,0,1,1,4,1,0,0,54,52,4,4,49,"Female","White","Northeast"
992,1,2,5,4,1,1,1,85,25,2,1,63,"Female","White","West"
993,1,2,5,4,1,1,1,66,56,3,3,39,"Male","White","South"
994,1,3,5,6,1,1,1,90,0,1,2,60,"Male","White","Midwest"
996,1,3,5,4,1,0,0,25,65,7,3,76,"Male","Other","South"
997,0,1,4,5,1,1,1,35,55,4,4,45,"Female","White","South"
998,0,3,5,3,1,1,1,89,17,2,1,69,"Female","Hispanic","Northeast"
999,0,2,1,3,0,1,1,43,15,2,2,20,"Female","Hispanic","South"
1000,0,2,4,6,0,0,0,72,1,4,2,52,"Female","Other","South"
1001,1,3,5,5,1,1,0,0,15,6,3,38,"Male","White","South"
1002,1,3,5,4,1,1,1,96,10,1,1,55,"Male","Black","South"
1004,0,1,4,4,1,0,1,61,58,4,4,63,"Female","White","West"
1005,0,1,1,4,1,0,1,51,51,4,2,59,"Female","White","Midwest"
1006,0,2,5,4,1,1,1,60,20,2,2,25,"Female","White","West"
1007,0,3,5,6,1,0,0,65,5,2,2,53,"Female","White","Midwest"
1008,0,3,5,4,1,1,1,20,80,6,2,44,"Male","Black","Midwest"
1010,1,2,5,7,1,1,1,40,43,4,3,45,"Female","White","Midwest"
1011,1,3,4,7,1,1,0,0,10,5,2,41,"Male","White","West"
1013,0,1,5,4,1,0,0,72,17,4,1,69,"Female","Black","South"
1014,0,2,4,4,1,0,0,47,47,4,4,68,"Female","White","South"
1016,0,1,3,4,0,0,0,50,50,2,1,20,"Female","Other","South"
1017,0,3,5,5,1,0,0,70,70,4,3,62,"Male","White","South"
1018,1,3,4,4,1,0,0,3,52,4,2,39,"Male","White","Midwest"
1019,0,3,5,4,1,1,1,49,48,4,2,67,"Male","Other","West"
1020,1,2,5,5,1,0,1,48,13,4,1,50,"Male","White","Northeast"
1021,1,1,3,5,1,0,1,15,0,4,2,57,"Male","White","Midwest"
1022,1,3,5,4,1,0,0,100,50,2,1,37,"Male","Other","Northeast"
1023,0,1,4,4,1,0,0,39,60,4,3,59,"Female","White","Midwest"
1024,0,1,5,6,1,0,0,60,12,3,1,51,"Female","White","Midwest"
1025,0,3,5,7,0,0,0,100,0,7,1,81,"Female","Hispanic","South"
1026,1,1,4,1,1,0,0,48,86,4,3,54,"Female","White","South"
1027,1,2,5,6,1,1,1,70,30,4,1,22,"Male","Other","Northeast"
1028,0,3,1,1,0,0,0,15,75,6,3,73,"Male","Other","West"
1029,0,1,4,4,1,0,1,86,85,7,3,63,"Female","White","Northeast"
1030,0,2,3,4,1,0,0,0,88,6,3,48,"Female","White","South"
1031,0,2,4,6,1,0,0,54,90,2,1,20,"Female","White","Northeast"
1032,0,2,5,4,1,0,0,100,0,7,1,40,"Male","Hispanic","West"
1033,0,2,3,4,0,0,0,87,32,2,1,66,"Female","Other","Northeast"
1034,0,3,3,4,1,1,1,72,0,1,4,58,"Male","White","South"
1036,0,1,5,3,0,1,0,80,10,4,2,66,"Female","Hispanic","West"
1038,0,3,5,4,1,0,0,0,75,6,3,75,"Female","Other","Midwest"
1039,0,1,4,3,1,0,0,96,2,3,2,41,"Male","Hispanic","West"
1040,1,3,3,2,0,0,0,9,7,4,2,60,"Male","Black","South"
1041,1,2,3,4,1,0,0,50,51,4,2,62,"Female","White","Midwest"
1043,0,3,3,4,1,0,0,100,0,2,1,70,"Female","Black","South"
1044,0,1,5,3,1,1,0,80,5,2,1,39,"Male","White","South"
1045,0,3,2,2,1,1,0,40,15,4,1,71,"Female","Black","South"
1046,0,3,5,7,1,1,1,99,1,1,1,58,"Male","White","South"
1047,1,3,5,6,1,1,1,63,93,6,3,22,"Male","Hispanic","West"
1048,0,3,4,4,1,1,1,100,30,2,1,75,"Female","Hispanic","South"
1049,0,2,4,3,1,0,1,53,55,4,2,22,"Female","Black","Northeast"
1050,0,2,3,6,1,1,0,100,43,4,1,76,"Female","Black","South"
1051,1,2,4,4,1,0,0,50,50,6,2,43,"Male","Hispanic","West"
1052,1,2,4,4,1,1,1,82,65,2,1,31,"Male","Hispanic","West"
1053,0,2,4,2,1,0,0,16,52,6,3,60,"Female","White","South"
1054,1,2,5,6,1,0,0,40,40,5,2,18,"Male","White","West"
1055,0,3,4,4,1,1,0,70,5,2,1,73,"Male","White","Midwest"
1056,1,2,5,4,1,1,0,59,29,4,1,40,"Male","White","West"
1057,1,2,4,4,1,0,1,49,48,4,2,60,"Female","White","South"
1058,1,1,4,4,1,0,0,45,88,5,3,52,"Male","White","Northeast"
1059,0,2,4,4,1,1,0,17,76,6,3,78,"Female","Hispanic","West"
1060,1,1,2,3,0,1,0,1,13,4,2,54,"Male","White","West"
1061,1,1,3,4,1,0,0,51,51,4,4,33,"Female","White","South"
1062,0,2,5,4,1,0,0,30,100,7,2,33,"Female","White","South"
1063,1,3,5,4,1,1,1,0,70,4,2,62,"Female","White","Midwest"
1064,1,3,4,5,1,0,0,0,89,7,3,63,"Female","White","Midwest"
1065,1,3,5,2,1,0,1,7,96,6,3,62,"Female","White","West"
1066,1,2,3,3,0,0,0,46,56,4,2,48,"Female","White","South"
1067,1,3,4,3,0,0,0,89,30,2,1,29,"Male","White","South"
1069,0,2,5,4,1,0,0,93,3,2,1,43,"Male","White","South"
1070,0,1,1,1,1,0,0,30,29,4,2,25,"Male","White","West"
1071,0,3,4,5,1,1,1,0,50,4,4,36,"Female","White","South"
1073,1,2,4,6,1,0,1,100,100,2,1,33,"Male","Black","West"
1074,1,3,3,3,1,0,0,2,61,6,3,61,"Female","Hispanic","South"
1076,0,3,5,4,1,1,0,0,100,7,3,43,"Male","White","South"
1077,0,3,5,4,1,0,0,1,81,7,3,77,"Female","White","Midwest"
1079,0,3,5,4,1,0,0,100,0,1,1,71,"Male","White","Midwest"
1080,1,3,4,1,1,1,0,30,53,6,3,42,"Male","White","South"
1082,0,3,3,5,1,1,0,36,63,6,3,69,"Male","White","Northeast"
1083,0,3,3,2,1,1,0,34,63,3,4,21,"Male","Black","Midwest"
1084,1,1,4,4,1,1,0,57,71,5,3,42,"Female","White","Midwest"
1085,1,2,4,6,1,1,1,86,21,3,1,38,"Female","Hispanic","Northeast"
1086,0,2,5,4,1,0,0,100,11,3,1,78,"Male","Hispanic","South"
1087,1,3,3,4,1,1,0,63,0,1,1,26,"Male","Hispanic","South"
1088,0,3,3,6,0,0,0,100,0,1,1,22,"Male","White","Midwest"
1089,0,1,5,1,1,1,1,8,7,4,2,19,"Female","Hispanic","West"
1091,0,1,1,4,1,1,1,75,74,4,2,43,"Female","White","South"
1092,1,1,5,5,1,0,1,70,15,3,1,28,"Female","White","West"
1094,0,1,4,4,1,1,1,0,0,4,2,21,"Male","Black","Midwest"
1095,0,1,2,4,1,0,0,49,51,4,4,30,"Male","White","Midwest"
1096,1,2,4,4,1,1,0,25,25,5,2,32,"Male","Hispanic","West"
1097,1,2,5,7,1,0,0,64,55,6,2,23,"Female","Black","Northeast"
1099,1,2,5,4,1,1,0,7,93,7,3,30,"Female","White","South"
1103,1,3,5,4,1,1,0,47,64,4,4,61,"Male","White","West"
1106,1,3,5,4,1,1,0,0,93,7,3,46,"Male","White","Midwest"
1107,1,2,3,4,1,0,0,30,50,6,4,31,"Female","White","West"
1108,1,2,5,4,1,0,0,14,15,1,3,21,"Male","Hispanic","South"
1109,1,1,3,4,1,0,0,48,51,4,2,22,"Female","White","Northeast"
1110,1,2,5,5,1,0,1,84,72,4,1,20,"Female","White","Northeast"
1111,1,3,5,5,1,1,1,16,95,6,3,56,"Male","Hispanic","Northeast"
1112,0,2,3,3,1,1,0,10,70,5,2,20,"Female","White","Midwest"
1114,0,3,4,6,0,1,0,1,29,5,2,20,"Male","White","Northeast"
1115,0,2,3,5,1,1,0,96,95,5,1,28,"Male","White","South"
1116,1,3,3,1,0,1,0,2,40,4,3,43,"Male","White","Midwest"
1117,0,2,5,7,1,1,1,20,9,1,2,20,"Female","White","Midwest"
1118,1,3,5,5,1,0,1,85,6,4,1,30,"Female","White","West"
1119,1,2,5,6,1,0,1,70,49,2,1,58,"Female","Hispanic","West"
1120,0,1,4,3,1,0,0,60,5,3,2,42,"Female","White","Midwest"
1121,1,2,3,6,0,1,0,40,39,4,2,27,"Male","White","South"
1122,1,1,3,4,1,0,1,81,1,4,1,32,"Female","Black","Midwest"
1123,1,2,4,4,1,0,0,52,60,4,2,43,"Female","White","West"
1124,0,1,5,2,1,0,0,16,84,6,3,35,"Female","White","West"
1125,1,3,5,6,1,1,0,70,29,2,1,20,"Male","White","West"
1126,0,1,4,4,0,0,0,70,15,3,1,60,"Female","White","West"
1128,0,3,4,2,1,0,0,15,50,7,4,64,"Male","White","West"
1129,1,2,4,3,1,1,1,50,85,6,3,46,"Male","Other","Northeast"
1131,0,2,4,5,1,0,1,73,58,4,3,20,"Male","White","Midwest"
1133,1,2,4,5,1,1,0,59,74,3,1,23,"Male","White","West"
1134,0,2,5,2,1,0,0,15,96,4,3,70,"Female","White","Midwest"
1135,1,1,5,4,1,0,0,0,76,6,3,34,"Male","White","Midwest"
1136,1,2,4,4,1,0,1,51,51,4,2,29,"Female","White","South"
1137,1,2,2,3,1,1,1,62,15,4,2,23,"Female","Hispanic","West"
1138,1,3,3,4,0,0,0,0,0,4,2,34,"Male","Black","South"
1139,0,1,2,4,1,0,0,39,27,4,2,43,"Female","White","Midwest"
1141,0,3,5,4,1,1,0,0,70,5,2,68,"Male","Other","Midwest"
1142,0,3,5,5,1,0,0,10,40,4,2,63,"Male","Hispanic","Northeast"
1144,1,2,4,5,1,1,1,55,57,1,1,43,"Male","White","Northeast"
1145,1,3,4,4,0,1,0,100,0,3,1,62,"Male","White","Northeast"
1147,1,1,4,5,1,1,0,0,60,7,3,59,"Male","White","West"
1148,1,2,4,4,1,1,1,15,13,4,3,65,"Female","White","South"
1149,0,3,5,4,1,0,1,60,30,4,1,71,"Male","Other","South"
1150,1,2,5,5,1,1,1,77,13,2,1,32,"Female","White","Northeast"
1151,1,2,4,6,1,1,1,55,15,2,1,36,"Female","White","South"
1152,0,3,4,2,1,0,0,1,80,6,3,69,"Female","Hispanic","South"
1153,0,3,4,3,1,0,0,25,90,6,4,82,"Male","White","West"
1154,1,1,5,4,1,1,0,30,59,4,2,54,"Female","Other","South"
1155,1,3,4,5,1,0,0,60,0,2,2,63,"Female","White","South"
1157,1,3,5,1,1,1,0,3,99,7,3,64,"Male","White","South"
1159,0,1,1,4,0,1,0,1,70,4,3,29,"Male","Other","South"
1160,0,2,2,3,1,0,0,61,40,3,4,62,"Female","Other","Midwest"
1161,0,3,5,1,0,0,0,13,77,6,3,88,"Female","White","South"
1162,0,2,5,5,1,0,0,78,93,7,3,68,"Female","White","South"
1163,0,3,5,5,1,1,0,6,50,7,3,77,"Male","White","South"
1164,1,1,3,5,0,0,0,34,34,3,4,30,"Female","Hispanic","West"
1167,0,3,4,4,1,0,0,1,100,6,3,59,"Male","White","Northeast"
1168,0,1,4,6,0,0,0,0,0,4,4,56,"Male","White","Northeast"
1169,0,3,5,4,1,1,0,0,60,6,3,68,"Female","White","West"
1170,1,3,5,7,1,0,1,100,0,1,1,47,"Male","Black","South"
1171,0,1,2,4,0,0,1,51,52,4,4,19,"Female","Hispanic","Midwest"
1172,0,2,5,4,1,0,0,100,13,2,1,73,"Male","Black","South"
1173,0,3,5,3,1,1,1,100,6,3,1,58,"Female","White","South"
1175,1,3,4,2,1,0,0,0,75,6,3,66,"Male","White","South"
1176,0,3,5,4,1,0,0,20,20,5,2,83,"Male","White","South"
1177,0,2,4,4,1,0,0,19,5,4,2,74,"Male","White","Northeast"
1178,0,1,1,4,1,0,0,54,51,4,4,35,"Female","White","West"
1179,1,2,4,7,1,0,0,72,20,2,2,50,"Male","White","West"
1180,1,2,3,4,0,0,0,0,50,4,3,66,"Male","White","South"
1181,1,2,4,1,1,1,1,51,51,4,4,23,"Female","Black","Northeast"
1183,1,3,5,6,1,0,0,89,2,2,1,39,"Female","White","South"
1184,1,1,5,1,1,0,0,85,15,3,2,53,"Male","White","South"
1185,0,3,3,4,1,1,0,1,11,6,3,67,"Female","White","Midwest"
1186,1,3,5,5,1,0,0,15,54,6,3,62,"Male","White","West"
1187,0,2,5,4,1,1,1,50,51,6,4,45,"Female","Hispanic","Northeast"
1188,0,2,5,4,1,0,0,0,100,6,3,81,"Male","White","Midwest"
1189,0,3,5,1,1,0,1,0,100,6,3,69,"Female","White","South"
1190,0,1,4,2,1,0,0,53,54,4,4,66,"Female","Black","South"
1191,0,3,4,7,0,0,0,5,44,1,1,61,"Male","Black","Midwest"
1192,1,3,5,7,1,0,0,2,77,7,3,60,"Male","White","West"
1193,1,2,4,7,1,0,0,93,94,4,1,29,"Male","Black","Northeast"
1194,0,3,2,4,1,1,1,0,75,6,3,27,"Male","White","West"
1195,0,3,5,1,1,1,0,10,90,6,3,20,"Male","Other","South"
1196,1,3,5,7,1,0,1,76,0,1,1,58,"Female","White","South"
1197,1,2,5,4,1,0,0,0,100,7,3,67,"Female","White","South"
1198,0,2,3,4,1,0,0,80,11,4,3,72,"Female","White","South"
1199,1,3,5,4,1,0,0,95,10,4,2,56,"Male","White","South"
1200,0,2,4,4,1,0,0,48,15,4,2,72,"Male","White","South"
1201,0,3,5,4,0,0,0,1,68,6,2,76,"Male","Other","Midwest"
1202,0,2,3,1,1,0,0,0,100,4,3,75,"Male","White","Midwest"
1203,0,3,5,2,1,1,0,0,92,6,3,65,"Male","White","Midwest"
1205,0,1,5,4,1,0,0,4,75,4,3,44,"Female","Hispanic","South"
1206,0,3,5,4,1,1,1,100,0,2,1,64,"Female","White","South"
1207,1,2,4,6,1,0,0,76,56,2,1,43,"Female","White","Northeast"
1208,1,3,4,1,1,1,1,87,91,5,2,38,"Male","White","South"
1209,0,1,4,5,1,0,0,73,16,4,2,70,"Female","White","South"
1210,0,3,4,4,1,0,0,0,100,7,3,81,"Female","White","South"
1211,0,2,4,4,1,0,0,53,2,3,1,73,"Female","White","South"
1212,0,2,4,4,1,0,0,88,89,4,2,69,"Male","White","Northeast"
1213,0,3,4,5,1,1,0,0,85,6,3,72,"Male","White","West"
1215,0,3,4,4,0,0,0,100,0,6,1,53,"Female","Other","Midwest"
1216,1,2,4,2,0,0,0,8,35,4,2,50,"Male","White","West"
1218,1,2,4,4,0,0,0,0,30,7,4,55,"Male","White","Midwest"
1219,0,2,4,4,1,1,1,16,19,3,2,61,"Male","White","South"
1221,1,2,3,4,1,0,1,85,33,4,1,46,"Female","Hispanic","Midwest"
1222,0,3,5,7,0,0,0,1,96,6,3,79,"Female","White","South"
1223,0,2,5,1,0,0,0,0,93,6,3,67,"Male","White","Midwest"
1224,0,3,5,4,0,0,0,1,80,5,2,60,"Male","White","West"
1225,0,3,4,5,1,1,0,15,70,5,3,81,"Male","White","South"
1226,1,3,4,6,1,1,0,86,18,2,1,72,"Female","White","South"
1227,1,2,5,4,0,0,0,29,51,6,3,63,"Male","White","West"
1228,0,3,4,6,1,1,1,75,5,1,4,58,"Male","White","Midwest"
1229,0,1,3,4,1,0,0,47,65,6,3,29,"Female","White","West"
1230,0,3,4,4,1,0,0,16,69,5,2,81,"Male","White","South"
1231,1,1,3,5,1,0,0,18,100,7,3,42,"Female","Hispanic","South"
1232,1,2,3,4,0,1,0,80,0,2,1,44,"Male","Other","West"
1234,0,3,5,6,1,1,0,24,20,4,4,20,"Male","Hispanic","South"
1235,1,2,4,3,1,0,0,2,74,7,3,57,"Female","White","South"
1236,1,3,4,4,0,0,0,94,2,1,1,70,"Female","White","West"
1237,0,3,4,5,1,0,0,54,54,4,3,66,"Female","White","Midwest"
1238,0,1,4,4,1,0,1,71,30,3,2,64,"Female","Black","South"
1240,0,3,4,6,1,0,0,35,93,2,3,31,"Male","Black","West"
1241,0,1,2,1,1,0,0,13,60,6,4,68,"Male","Hispanic","Midwest"
1242,0,3,4,6,1,0,0,0,60,6,3,55,"Male","White","West"
1243,0,3,5,1,0,0,0,0,60,6,3,77,"Male","White","South"
1244,1,3,5,4,1,0,0,1,70,6,3,62,"Male","White","South"
1246,0,3,4,3,1,0,1,60,62,2,1,26,"Female","Hispanic","West"
1247,0,1,3,4,0,0,0,64,53,4,4,50,"Female","Black","South"
1248,0,3,5,4,1,1,1,26,21,4,1,64,"Female","White","Northeast"
1249,0,1,3,4,1,0,1,0,100,7,3,26,"Male","Hispanic","South"
1250,1,2,5,7,1,0,0,90,0,2,1,56,"Female","White","South"
1251,1,2,5,4,1,1,1,43,62,5,3,64,"Male","White","South"
1252,1,3,4,6,1,1,1,85,75,3,1,26,"Male","White","West"
1253,0,2,4,4,1,1,1,90,45,4,1,51,"Male","Hispanic","Northeast"
1254,0,3,4,5,1,1,0,0,40,7,3,81,"Male","Other","Midwest"
1255,0,3,5,4,0,0,0,0,80,7,3,66,"Male","White","Midwest"
1256,0,3,5,4,1,0,0,0,70,6,3,63,"Male","White","Midwest"
1257,1,3,5,4,1,0,0,33,91,6,3,60,"Male","White","West"
1258,1,2,3,4,1,0,1,61,51,4,1,30,"Female","Black","South"
1259,1,3,5,4,0,0,0,30,50,5,4,61,"Male","White","Midwest"
1260,1,2,4,5,1,1,1,68,55,4,3,24,"Male","Hispanic","Northeast"
1261,1,2,4,6,1,0,0,0,9,6,3,59,"Female","White","Northeast"
1262,0,2,4,4,0,0,0,0,0,4,2,57,"Male","White","Midwest"
1263,1,3,1,3,1,1,0,40,0,5,2,32,"Male","Other","West"
1264,0,3,5,4,1,0,0,30,80,6,3,59,"Male","White","Midwest"
1265,1,3,5,6,1,1,1,90,0,1,1,38,"Male","White","Midwest"
1266,0,3,1,2,1,1,1,20,75,7,3,23,"Male","Other","West"
1267,0,2,5,2,1,0,1,1,100,6,3,65,"Female","White","West"
1269,1,3,3,4,0,0,0,4,45,7,3,57,"Male","White","Midwest"
1270,1,3,3,4,1,1,0,82,1,2,1,48,"Male","White","South"
1271,1,3,5,4,0,1,0,60,0,3,2,62,"Male","White","West"
1272,0,2,4,6,0,1,0,0,71,6,3,62,"Male","Hispanic","Northeast"
1273,1,2,3,2,0,0,0,71,0,2,1,45,"Male","Other","West"
1274,1,3,4,2,1,0,0,61,16,5,2,57,"Male","White","Midwest"
1275,0,1,5,7,1,0,1,63,75,4,4,47,"Female","White","Midwest"
1276,0,2,4,6,1,1,0,100,0,2,1,62,"Female","Black","Northeast"
1277,1,3,5,2,1,0,0,30,50,6,3,53,"Male","White","Midwest"
1278,1,3,5,4,1,0,0,3,90,6,3,62,"Male","White","Midwest"
1279,0,3,5,7,1,1,1,86,2,1,1,23,"Male","White","West"
1280,0,3,4,6,1,1,1,93,15,3,1,62,"Male","White","South"
1282,0,2,4,4,1,1,1,84,48,2,1,39,"Male","White","South"
1284,1,3,4,3,1,1,1,60,100,6,3,50,"Female","White","South"
1285,0,1,1,4,1,0,0,50,50,4,4,23,"Male","Hispanic","South"
1287,1,2,3,4,1,0,1,34,99,4,2,53,"Male","White","Midwest"
1288,0,3,3,4,1,0,0,15,71,6,3,70,"Male","White","Northeast"
1289,0,1,1,2,1,1,0,43,42,4,4,54,"Male","Black","South"
1290,1,3,5,3,1,1,0,33,69,5,2,52,"Male","White","Northeast"
1291,1,2,4,3,1,0,0,0,100,7,3,59,"Male","White","Northeast"
1292,0,2,3,4,1,0,1,100,1,2,1,54,"Male","White","South"
1294,0,3,5,4,1,0,0,95,50,2,2,57,"Female","White","Northeast"
1295,1,2,5,6,1,1,1,62,32,4,1,26,"Male","White","South"
1296,1,3,5,6,1,1,1,100,0,4,1,33,"Female","Black","West"
1298,0,2,4,2,0,0,0,84,0,2,1,64,"Male","Black","West"
1299,1,1,3,2,1,1,1,45,57,4,2,51,"Male","Hispanic","West"
1300,1,2,5,6,1,1,1,91,75,7,3,23,"Male","Black","West"
1301,0,3,5,7,1,0,0,61,2,2,1,64,"Male","Other","West"
1303,1,1,4,4,1,0,0,64,33,4,1,45,"Female","Hispanic","Northeast"
1304,1,2,5,6,1,0,0,100,0,1,1,63,"Female","Hispanic","Northeast"
1305,1,3,3,3,1,1,1,100,0,2,1,35,"Female","Hispanic","West"
1307,1,3,5,6,1,1,1,71,56,4,1,29,"Female","Black","Midwest"
1308,1,3,5,4,1,0,0,97,2,1,1,55,"Male","White","West"
1310,0,1,5,3,0,0,0,0,0,4,2,75,"Male","White","West"
1311,0,1,1,5,0,0,1,11,16,4,2,21,"Female","Hispanic","West"
1312,0,1,2,4,1,0,1,52,51,4,4,54,"Female","Hispanic","South"
1313,1,2,3,4,0,1,0,70,0,4,1,29,"Female","Hispanic","West"
1314,1,1,1,4,0,0,1,27,54,4,2,19,"Female","Hispanic","West"
1316,1,1,3,2,1,1,1,40,40,4,2,20,"Male","White","Midwest"
1318,0,2,3,5,1,1,0,50,50,7,2,34,"Male","White","South"
1319,1,2,4,6,0,1,1,22,0,1,1,19,"Male","White","Midwest"
1320,0,1,3,4,1,1,1,100,50,6,1,40,"Male","White","South"
1321,1,3,5,4,0,0,0,100,4,3,1,52,"Female","Black","Midwest"
1322,1,2,3,4,1,0,1,59,24,4,2,32,"Female","White","Midwest"
1324,1,3,5,4,1,1,0,7,69,6,3,24,"Male","White","Midwest"
1325,1,2,3,3,1,0,0,40,40,5,3,32,"Female","White","Midwest"
1326,0,1,3,4,0,0,0,51,51,4,4,30,"Female","Hispanic","Midwest"
1327,1,2,4,5,0,0,0,63,80,6,1,39,"Female","Black","South"
1328,1,2,5,1,1,0,0,0,50,7,3,38,"Male","White","South"
1329,0,2,5,4,0,1,0,71,0,1,1,38,"Female","White","South"
1330,1,3,5,5,1,0,1,85,15,1,1,26,"Female","White","West"
1334,1,2,4,4,1,0,0,76,1,1,1,53,"Male","White","West"
1335,1,3,5,3,1,1,0,70,0,3,1,54,"Male","White","West"
1336,1,3,5,6,0,0,0,77,15,4,2,64,"Male","White","Midwest"
1337,0,2,3,4,1,0,0,0,59,7,3,61,"Female","Hispanic","West"
1338,1,1,3,4,1,0,1,6,88,6,3,41,"Female","White","Midwest"
1341,1,3,5,4,1,0,0,0,80,5,3,40,"Male","Hispanic","Northeast"
1342,0,2,3,5,1,0,0,70,50,5,1,68,"Female","Black","Northeast"
1343,0,3,5,4,0,0,0,0,100,6,3,69,"Female","Hispanic","Northeast"
1345,0,3,4,4,1,1,0,20,75,6,2,63,"Male","White","West"
1346,0,3,4,3,1,1,1,10,75,6,3,69,"Female","White","South"
1348,1,2,5,4,0,1,0,3,62,4,2,31,"Female","Hispanic","South"
1349,1,3,3,6,1,1,1,0,0,4,2,22,"Female","Black","South"
1350,0,2,5,4,1,0,1,9,68,6,2,20,"Female","White","South"
1352,0,3,5,1,1,0,0,2,15,4,2,76,"Female","White","Midwest"
1353,0,1,4,4,1,1,1,45,15,2,1,32,"Female","White","South"
1354,0,3,5,2,1,0,0,1,100,7,2,76,"Male","Other","Midwest"
1357,0,1,4,3,1,0,1,45,34,4,4,50,"Female","Black","South"
1358,0,3,5,4,1,1,0,1,98,6,3,75,"Male","White","West"
1361,1,3,5,4,0,1,0,85,1,2,2,53,"Male","White","South"
1362,0,3,5,6,1,0,1,0,55,7,2,71,"Female","White","Midwest"
1363,0,3,3,5,1,0,0,0,70,6,3,76,"Male","White","Midwest"
1364,1,3,3,5,1,0,0,21,33,5,2,27,"Male","White","West"
1365,1,1,5,4,1,0,1,85,15,2,1,38,"Female","White","Midwest"
1367,0,3,5,1,1,0,0,22,100,1,3,77,"Female","White","South"
1368,1,2,5,1,1,1,1,1,100,7,3,35,"Female","White","South"
1369,1,2,4,4,1,0,1,19,98,6,3,42,"Female","White","South"
1370,0,2,4,4,1,1,1,4,100,6,3,26,"Male","White","South"
1371,0,1,3,4,1,1,1,0,69,7,3,40,"Female","White","South"
1372,0,1,3,6,1,0,1,49,56,4,3,36,"Female","White","South"
1374,0,3,4,4,1,1,1,0,84,6,3,72,"Female","White","South"
1376,0,1,1,4,1,0,0,68,16,4,4,50,"Male","Hispanic","Northeast"
1377,1,2,3,6,1,0,0,93,89,1,3,36,"Female","Hispanic","West"
1378,0,1,1,7,1,1,0,55,97,2,4,41,"Male","White","South"
1379,1,2,5,5,1,1,1,90,25,4,1,20,"Female","White","West"
1380,1,2,5,7,1,0,1,64,5,1,2,42,"Male","White","Northeast"
1382,1,3,4,6,1,1,1,48,24,2,1,33,"Female","Black","South"
1383,1,3,5,7,1,0,1,100,100,4,4,28,"Male","Black","Northeast"
1384,0,2,1,4,0,0,0,63,56,5,4,42,"Male","Black","Midwest"
1387,1,2,4,2,1,1,0,11,13,4,1,32,"Male","White","Northeast"
1388,0,3,5,5,0,0,1,97,1,3,1,64,"Female","Black","South"
1389,0,1,4,4,1,0,0,3,95,4,2,41,"Male","White","West"
1392,1,2,5,3,1,1,1,78,18,1,1,45,"Female","White","West"
1397,1,3,4,5,1,1,0,3,100,7,3,61,"Male","White","South"
1399,0,2,4,3,0,1,1,100,51,4,1,61,"Female","Hispanic","West"
1400,1,2,4,5,1,0,1,42,85,2,3,21,"Male","Black","Northeast"
1401,0,3,1,5,1,1,1,100,82,7,3,22,"Male","Black","Northeast"
1403,1,2,3,4,1,0,0,48,22,4,1,41,"Male","Black","South"
1404,0,3,5,1,1,0,0,100,40,4,1,43,"Female","Black","Midwest"
1406,0,1,4,1,1,0,0,3,100,4,4,47,"Female","White","Northeast"
1407,1,3,5,6,1,1,1,16,89,6,3,46,"Male","White","Midwest"
1408,1,1,3,4,1,0,0,0,0,5,2,27,"Male","White","Midwest"
1409,1,2,4,4,1,0,1,7,94,6,3,50,"Female","White","South"
1410,0,2,5,7,1,0,1,95,7,4,1,63,"Female","Black","Midwest"
1411,0,2,3,2,1,0,1,86,65,4,2,55,"Female","Hispanic","South"
1414,0,2,3,4,1,0,0,0,100,4,2,55,"Male","Hispanic","Northeast"
1417,1,1,3,3,1,0,1,17,77,6,3,29,"Female","Other","Midwest"
1418,1,3,5,4,1,1,1,100,49,4,1,33,"Female","Hispanic","Northeast"
1419,1,3,5,4,1,0,0,0,69,4,3,56,"Female","White","South"
1420,0,3,3,6,1,0,0,61,74,2,1,27,"Male","Hispanic","South"
1421,1,2,3,6,1,0,0,67,84,2,3,24,"Male","White","Northeast"
1422,0,1,1,4,0,0,0,31,34,4,2,61,"Male","White","Northeast"
1423,0,3,5,4,1,1,1,100,3,4,1,59,"Female","Black","South"
1425,1,3,5,4,1,1,0,94,12,4,1,62,"Female","White","South"
1426,0,2,2,2,1,0,1,70,6,2,1,46,"Female","White","Midwest"
1427,1,2,3,4,1,0,1,38,76,4,4,27,"Female","White","Midwest"
1428,1,2,3,4,1,1,0,71,0,3,1,63,"Female","White","Midwest"
1429,1,3,4,4,1,1,1,0,100,4,2,46,"Female","White","Midwest"
1430,1,3,4,7,1,1,0,86,0,1,4,59,"Female","White","South"
1431,0,2,4,2,1,1,1,0,100,6,4,56,"Female","White","Midwest"
1432,0,1,5,1,1,0,0,100,70,4,1,70,"Female","Black","Northeast"
1433,1,3,5,4,1,0,0,70,0,2,2,68,"Female","White","South"
1434,0,3,5,4,1,0,0,72,16,2,1,75,"Female","White","South"
1436,1,3,5,4,1,0,0,13,78,4,3,52,"Male","White","Midwest"
1437,0,3,4,3,1,1,0,30,50,7,3,48,"Female","White","South"
1438,0,1,2,4,1,1,1,30,30,4,2,40,"Male","Other","West"
1439,1,2,2,3,0,0,0,0,2,4,2,48,"Male","White","Northeast"
1440,0,1,4,4,1,0,0,25,48,4,2,37,"Male","Black","Midwest"
1441,1,3,5,4,1,0,0,88,15,2,2,61,"Female","White","Northeast"
1442,0,1,4,4,1,0,0,41,5,2,1,65,"Female","Black","Northeast"
1443,1,3,5,4,1,1,0,11,81,7,3,61,"Male","White","Northeast"
1444,0,1,1,4,1,0,1,63,52,6,2,47,"Female","Hispanic","South"
1445,0,2,3,4,0,1,0,95,0,3,1,44,"Female","Hispanic","South"
1446,1,2,3,4,0,0,0,58,0,1,2,41,"Male","Hispanic","West"
1447,1,1,5,4,1,0,0,0,100,6,2,56,"Male","White","Northeast"
1448,1,1,4,4,1,1,0,5,18,6,2,53,"Male","White","Midwest"
1449,1,3,3,3,0,0,0,0,25,6,3,64,"Male","White","Northeast"
1453,1,2,4,6,1,1,1,85,47,2,1,30,"Female","Black","South"
1454,1,2,5,4,1,0,1,64,33,3,1,49,"Female","White","Midwest"
1455,1,3,5,4,0,0,0,100,0,1,1,36,"Male","White","West"
1456,1,3,4,4,1,0,0,15,69,6,2,62,"Male","White","Midwest"
1458,1,3,5,5,1,0,0,1,60,7,3,58,"Male","White","Northeast"
1459,0,3,4,4,1,0,0,100,0,2,1,45,"Male","Hispanic","South"
1460,0,2,5,4,1,1,1,71,16,4,1,65,"Female","Hispanic","Midwest"
1462,1,1,5,4,0,0,0,90,30,4,1,69,"Male","Black","Northeast"
1463,0,3,5,2,0,0,0,15,95,6,3,64,"Female","White","West"
1464,0,3,4,4,0,0,0,0,82,6,3,67,"Female","White","Northeast"
1465,0,3,4,5,1,0,0,81,3,2,1,72,"Female","White","Northeast"
1466,0,2,5,4,1,0,0,0,85,7,3,48,"Female","White","Midwest"
1467,0,1,2,3,0,1,0,49,40,4,4,29,"Female","White","South"
1468,0,3,5,7,1,0,0,70,0,3,1,59,"Female","White","South"
1469,0,2,3,3,1,0,1,69,40,4,2,58,"Female","White","South"
1470,0,3,4,4,1,1,0,5,81,7,3,57,"Female","White","West"
1471,1,2,4,4,1,0,1,55,26,4,2,64,"Female","White","West"
1472,0,2,4,4,0,0,0,85,15,3,1,78,"Female","White","South"
1473,0,3,2,4,0,1,0,41,52,6,2,54,"Male","White","Midwest"
1474,0,2,5,6,0,0,0,16,1,3,1,72,"Male","White","West"
1475,1,1,3,4,1,1,1,0,0,3,2,51,"Female","White","South"
1476,1,2,4,4,1,0,0,6,47,6,2,51,"Male","White","Midwest"
1478,1,3,4,5,1,1,1,90,14,2,1,69,"Female","White","Midwest"
1479,0,3,5,6,0,0,0,89,0,1,1,82,"Female","White","Midwest"
1480,0,2,5,1,0,0,0,82,19,4,1,70,"Female","White","South"
1481,0,3,4,4,1,1,1,90,0,3,2,65,"Female","White","South"
1482,0,3,5,4,1,1,1,48,96,6,3,58,"Male","White","South"
1483,0,3,5,6,1,1,0,46,100,6,3,51,"Male","White","South"
1484,0,3,5,6,1,1,0,0,50,7,3,67,"Male","White","South"
1485,1,3,5,5,1,1,0,3,70,7,3,62,"Male","White","Midwest"
1486,0,2,3,4,1,0,1,87,52,4,1,62,"Male","White","Northeast"
1487,1,3,3,6,1,1,0,40,0,2,1,38,"Male","White","Northeast"
1491,0,2,5,4,0,0,0,0,90,7,3,77,"Female","White","Northeast"
1492,1,1,2,4,1,0,0,50,50,4,4,40,"Female","White","Midwest"
1493,1,1,1,4,1,0,0,50,50,4,4,42,"Male","White","Midwest"
1494,0,2,5,4,1,0,0,2,70,6,3,63,"Female","White","West"
1495,0,3,4,5,1,0,0,9,96,7,3,68,"Female","White","South"
1496,1,3,5,4,1,0,0,85,0,2,1,63,"Male","White","Northeast"
1498,1,3,5,1,0,1,1,4,71,6,3,61,"Male","White","Northeast"
1499,1,2,5,3,1,0,0,30,71,5,2,24,"Female","White","South"
1500,0,3,4,4,1,0,0,61,60,5,3,57,"Female","White","Midwest"
1501,1,1,3,4,1,0,0,17,3,4,2,50,"Female","White","Northeast"
1502,1,3,5,4,1,0,0,70,13,2,1,80,"Female","White","Northeast"
1503,1,3,5,6,0,0,1,6,0,1,2,29,"Female","White","Midwest"
1505,0,2,5,1,1,0,0,71,0,4,1,72,"Female","Hispanic","South"
1506,1,3,5,6,1,0,0,67,16,4,1,76,"Female","White","West"
1507,0,1,4,7,1,0,1,77,32,2,4,28,"Female","White","Northeast"
1508,0,1,5,4,1,0,0,0,72,5,3,58,"Female","White","Midwest"
1510,1,1,5,4,0,0,0,11,63,5,3,76,"Male","White","West"
1511,0,1,4,4,1,0,0,40,40,4,4,68,"Female","Hispanic","Midwest"
1512,1,2,5,3,0,1,0,30,70,3,3,33,"Male","Other","West"
1514,0,3,5,4,0,1,0,78,1,2,2,56,"Male","White","South"
1515,1,2,4,5,1,0,1,4,94,7,3,20,"Female","White","South"
1516,1,1,5,4,1,1,1,50,50,4,4,22,"Female","White","West"
1517,0,1,1,2,1,0,0,15,85,4,3,36,"Female","Hispanic","West"
1519,1,2,5,5,1,1,0,47,86,6,3,61,"Female","White","West"
1520,0,2,1,2,0,0,0,1,2,4,3,65,"Female","White","West"
1521,0,3,5,7,0,0,0,60,0,2,1,65,"Male","White","West"
1525,1,2,3,4,1,1,0,3,67,6,3,21,"Female","Hispanic","West"
1526,0,3,4,2,1,0,0,0,85,6,3,85,"Male","White","South"
1527,0,3,5,1,0,0,0,2,77,4,2,52,"Male","White","Northeast"
1528,0,2,3,4,1,0,0,37,38,3,4,66,"Female","White","Midwest"
1529,0,2,4,5,1,1,1,99,95,4,1,39,"Female","White","South"
1530,1,3,4,5,1,0,1,30,85,2,3,30,"Male","Black","Midwest"
1531,0,3,1,4,1,1,0,0,70,7,3,69,"Female","White","West"
1532,0,2,5,4,0,0,0,38,61,5,3,78,"Female","Hispanic","West"
1533,1,2,1,7,0,1,1,0,0,1,4,29,"Male","White","Midwest"
1534,0,3,5,5,1,0,0,2,100,7,3,59,"Male","White","Midwest"
1535,0,3,5,1,1,0,0,0,75,4,3,76,"Female","White","Midwest"
1536,0,2,5,2,1,0,0,1,90,6,3,82,"Female","White","Midwest"
1538,0,3,5,4,1,1,0,0,8,6,2,66,"Female","White","Midwest"
1539,1,3,5,4,1,1,0,3,87,7,3,67,"Female","White","Midwest"
1540,0,3,5,3,1,1,0,0,85,6,3,67,"Female","White","Northeast"
1541,1,2,5,7,1,0,0,7,90,7,3,70,"Male","Hispanic","South"
1542,0,3,5,4,1,1,0,0,68,6,3,61,"Female","White","Midwest"
1543,0,3,4,4,1,1,1,4,88,7,3,65,"Female","White","Midwest"
1545,0,2,5,2,1,0,0,16,71,6,3,94,"Female","White","West"
1548,1,1,3,4,1,0,0,60,74,4,3,54,"Female","White","Midwest"
1549,0,1,3,4,1,0,0,50,50,4,4,46,"Female","White","Midwest"
1550,0,3,4,1,1,0,0,1,86,4,4,78,"Female","White","Midwest"
1552,1,2,4,4,1,0,1,52,53,4,4,37,"Female","Hispanic","West"
1553,0,3,5,7,1,0,0,100,0,2,1,62,"Female","White","Northeast"
1554,0,1,2,2,1,1,0,2,1,3,2,41,"Male","White","Midwest"
1555,1,2,5,4,1,0,0,70,30,4,1,64,"Female","Black","West"
1556,1,2,1,7,0,1,0,0,0,4,2,24,"Male","Black","South"
1557,0,3,5,4,1,0,0,0,50,7,4,55,"Female","White","Midwest"
1558,0,2,5,7,1,1,1,75,2,2,1,20,"Female","Black","Midwest"
1560,1,1,4,2,0,0,0,50,50,4,4,28,"Male","Black","Northeast"
1561,1,3,5,5,1,0,0,30,45,5,2,66,"Male","White","South"
1562,1,2,3,2,1,1,1,96,63,2,1,26,"Female","Hispanic","West"
1563,1,2,4,4,1,1,1,41,76,5,3,27,"Male","White","South"
1564,0,3,5,7,1,1,1,50,0,3,1,70,"Male","White","Midwest"
1566,0,1,3,1,0,0,0,1,60,6,2,69,"Male","Hispanic","South"
1567,1,2,4,4,1,1,1,29,83,4,2,23,"Male","Black","South"
1568,0,3,2,4,0,1,0,0,70,4,2,25,"Male","Other","Northeast"
1570,1,3,5,7,1,1,1,100,0,4,1,33,"Female","Black","West"
1571,0,2,4,4,1,1,0,64,70,4,3,33,"Male","Hispanic","Northeast"
1572,1,1,4,4,1,1,1,76,2,2,1,32,"Female","Black","South"
1573,1,2,3,7,1,0,0,67,6,1,1,25,"Female","Hispanic","South"
1574,1,1,4,1,1,0,0,0,100,2,4,24,"Female","Other","West"
1575,0,2,4,5,1,1,1,83,61,4,2,19,"Male","Black","West"
1576,0,2,4,4,1,0,0,1,5,4,2,70,"Male","Other","South"
1577,1,3,3,6,0,0,0,52,67,1,3,30,"Male","White","Northeast"
1578,1,1,2,5,0,0,0,70,0,5,2,31,"Male","Other","Northeast"
1579,1,2,3,6,1,0,0,56,0,3,4,25,"Female","White","Northeast"
1580,1,3,5,6,0,1,0,0,100,7,3,22,"Male","Other","Northeast"
1581,1,3,5,2,0,1,0,0,60,6,3,24,"Male","White","South"
1582,0,3,5,7,1,0,0,100,0,4,1,73,"Male","Hispanic","West"
1583,1,1,4,7,1,1,1,70,94,4,3,28,"Male","Other","West"
1584,0,1,4,4,0,0,1,84,0,3,1,21,"Female","Black","South"
1585,1,3,3,6,1,1,1,63,76,4,1,26,"Male","White","West"
1586,1,2,4,6,1,1,1,61,61,2,1,26,"Male","Hispanic","West"
1587,0,3,5,5,1,0,0,74,4,1,2,71,"Male","Hispanic","West"
1588,0,3,5,6,0,0,0,30,0,1,4,55,"Male","White","South"
1589,1,3,4,4,0,1,0,30,70,5,3,36,"Male","White","West"
1590,1,1,1,2,0,0,1,36,50,4,4,28,"Female","Black","South"
1591,0,3,5,4,1,1,1,80,80,4,1,69,"Male","Black","South"
1592,0,3,5,6,1,0,1,100,63,3,1,83,"Male","Black","South"
1594,1,2,5,6,1,1,0,14,83,5,2,23,"Male","White","West"
1595,0,2,4,4,1,0,1,30,20,4,1,66,"Male","Black","Northeast"
1596,1,3,5,4,1,1,0,80,1,4,2,54,"Female","Hispanic","West"
1597,0,2,4,6,0,0,0,90,6,4,1,71,"Male","Black","South"
1598,1,1,5,6,1,1,1,91,83,2,2,34,"Female","Black","South"
1599,1,3,5,4,1,0,0,0,89,7,3,67,"Female","Other","South"
1600,1,2,4,4,1,0,0,0,85,4,2,50,"Male","White","Northeast"
1602,1,2,2,2,1,0,1,61,13,4,2,54,"Male","Other","South"
1603,0,3,5,4,1,0,0,27,69,4,3,67,"Female","Hispanic","South"
1605,1,3,4,4,1,0,0,78,73,4,4,50,"Male","Other","West"
1607,1,1,1,4,0,0,0,5,5,2,2,43,"Male","Black","South"
1608,1,3,5,5,1,1,1,58,100,6,3,56,"Male","Hispanic","Northeast"
1609,0,3,5,2,1,1,0,0,85,7,3,63,"Male","Hispanic","South"
1610,1,3,3,1,0,1,1,81,0,1,2,37,"Male","White","South"
1612,1,3,3,5,1,1,0,82,0,2,1,55,"Female","White","Midwest"
1613,1,3,4,3,1,0,0,1,99,6,3,40,"Female","White","South"
1615,1,2,4,6,1,1,1,95,5,1,1,42,"Female","White","Northeast"
1616,1,2,5,4,1,1,0,80,0,2,1,32,"Male","White","Northeast"
1617,1,2,4,4,1,1,0,50,50,5,4,42,"Female","White","South"
1618,1,1,1,4,1,0,1,52,51,4,4,42,"Female","Hispanic","South"
1619,1,1,3,4,1,1,1,40,40,4,4,37,"Female","White","Midwest"
1620,1,2,1,1,1,1,1,50,50,4,2,42,"Male","Black","Northeast"
1621,1,2,4,4,1,0,0,70,55,3,1,40,"Female","Hispanic","Northeast"
1623,0,1,4,4,1,0,0,100,6,2,4,55,"Female","Black","West"
1624,0,2,4,5,1,0,0,77,30,4,2,34,"Female","Hispanic","Northeast"
1625,1,3,5,7,1,0,1,100,2,2,1,51,"Female","Black","Midwest"
1626,1,3,4,6,1,1,0,67,55,3,1,31,"Male","White","West"
1627,1,2,3,4,1,0,1,70,60,5,1,64,"Male","Black","South"
1628,1,3,5,2,1,1,1,96,5,2,1,23,"Male","White","West"
1630,1,1,4,4,1,0,0,51,50,3,2,35,"Female","White","South"
1631,1,3,3,4,1,1,0,10,0,1,2,41,"Male","White","West"
1632,0,1,5,4,1,0,0,40,10,3,2,38,"Female","White","West"
1634,0,1,5,1,1,1,1,63,23,4,1,41,"Female","Hispanic","South"
1635,1,1,3,4,1,0,0,88,61,4,1,57,"Female","Black","South"
1636,0,2,5,4,1,0,0,0,48,6,3,61,"Male","Hispanic","South"
1637,0,2,3,6,1,0,0,70,50,4,4,22,"Female","White","Northeast"
1638,1,2,4,5,0,0,0,75,16,2,1,55,"Male","Other","West"
1639,1,1,3,1,1,1,1,73,65,5,2,26,"Female","Black","West"
1640,0,1,5,4,0,0,0,92,0,4,1,54,"Male","White","South"
1641,1,3,4,3,0,1,1,35,5,2,2,20,"Male","White","South"
1642,1,3,5,1,0,0,0,0,90,7,3,39,"Male","White","South"
1643,0,3,5,5,1,1,0,49,51,4,1,58,"Male","Hispanic","West"
1645,1,3,5,5,1,0,0,100,3,2,1,56,"Male","Hispanic","South"
1646,1,3,5,5,1,0,0,53,100,6,3,21,"Male","White","South"
1647,1,3,3,3,1,1,0,0,6,5,2,54,"Male","Hispanic","South"
1648,0,3,5,2,1,1,1,5,55,6,2,75,"Male","White","Midwest"
1651,0,3,4,4,1,0,0,35,90,7,3,70,"Male","White","Midwest"
1652,0,1,1,4,1,0,1,50,43,4,4,21,"Female","White","Northeast"
1654,0,1,3,4,1,0,0,17,51,4,2,70,"Male","White","Midwest"
1656,0,1,3,4,1,0,0,50,16,3,1,32,"Female","White","Northeast"
1657,0,3,5,4,0,1,0,44,75,6,3,74,"Male","White","West"
1658,1,1,4,4,1,0,0,0,100,7,3,24,"Female","Hispanic","South"
1659,1,2,5,1,0,0,0,0,33,7,3,46,"Male","White","Midwest"
1660,0,3,5,3,1,0,0,10,86,7,3,85,"Male","Hispanic","West"
1661,1,3,5,4,0,0,0,85,18,3,2,76,"Male","White","South"
1662,0,3,5,4,1,1,0,5,45,7,3,76,"Male","White","West"
1663,1,3,5,3,1,1,1,23,100,6,3,29,"Male","White","South"
1664,1,2,4,4,1,1,1,60,57,4,1,22,"Male","White","West"
1665,1,3,5,5,1,1,0,70,15,3,1,24,"Male","Other","Midwest"
1666,0,2,3,3,1,1,1,61,15,3,1,20,"Female","Hispanic","Northeast"
1668,0,2,5,3,1,0,1,18,100,4,3,30,"Male","White","South"
1669,1,2,4,5,1,1,1,73,3,1,1,40,"Male","Other","West"
1670,1,1,4,5,1,1,1,63,64,3,1,23,"Female","White","Northeast"
1674,1,2,5,3,1,1,1,72,39,3,1,20,"Female","Hispanic","West"
1675,1,3,4,1,1,1,0,15,61,4,2,58,"Male","White","South"
1676,0,3,5,4,1,1,0,1,70,6,4,71,"Female","Other","West"
1677,1,3,5,4,1,1,1,0,70,6,2,53,"Female","Hispanic","South"
1678,0,3,5,6,1,1,0,55,24,2,2,76,"Male","Black","South"
1679,1,1,1,7,1,0,0,66,3,1,4,43,"Male","Hispanic","West"
1680,1,2,5,1,0,0,0,0,50,7,2,49,"Male","White","West"
1681,1,1,3,2,1,1,1,93,28,2,1,23,"Male","Black","Northeast"
1683,0,2,5,4,1,0,0,85,0,2,2,83,"Female","Hispanic","West"
1684,1,3,5,5,1,1,1,89,59,4,1,25,"Female","White","Northeast"
1685,1,3,5,2,1,1,0,70,10,3,1,67,"Female","White","Northeast"
1686,0,3,4,6,1,1,1,71,60,3,4,51,"Male","White","South"
1687,0,3,4,6,1,1,0,76,20,2,1,72,"Female","White","Midwest"
1689,0,2,4,3,0,0,0,1,60,6,4,61,"Male","White","South"
1690,1,3,4,6,1,1,1,76,25,4,1,20,"Female","White","Northeast"
1692,1,1,3,4,0,0,1,0,36,2,2,23,"Male","White","Midwest"
1693,1,2,3,5,1,0,0,50,51,4,4,23,"Male","White","South"
1694,0,2,4,4,1,0,1,18,31,4,2,69,"Male","White","Midwest"
1695,0,3,3,4,1,0,0,31,50,4,2,38,"Male","Other","South"
1697,1,2,3,3,1,1,0,29,72,5,2,62,"Female","White","South"
1698,1,2,4,3,1,1,0,9,56,7,3,41,"Male","White","South"
1699,1,2,3,5,1,1,0,30,66,4,1,32,"Male","White","South"
1700,0,3,4,5,1,1,0,50,50,4,2,53,"Male","White","Northeast"
1701,1,3,4,5,1,0,1,75,5,2,1,63,"Male","White","West"
1702,1,3,5,5,0,0,0,99,0,1,1,60,"Male","White","South"
1703,1,1,1,4,1,0,1,7,16,5,4,30,"Female","White","Midwest"
1704,0,1,1,4,1,0,1,100,73,4,1,22,"Male","Hispanic","South"
1705,0,3,5,7,1,1,1,95,0,1,1,50,"Female","Black","Midwest"
1706,0,3,5,4,1,0,0,100,1,2,1,67,"Female","Black","Midwest"
1707,0,1,4,5,1,1,1,60,60,4,2,53,"Male","White","Midwest"
1708,1,3,5,4,1,1,1,13,20,2,1,33,"Male","White","South"
1709,0,3,5,5,1,1,0,0,61,6,2,73,"Male","White","South"
1710,0,3,5,4,1,1,0,2,60,5,2,67,"Female","White","West"
1711,0,2,4,4,1,0,0,69,52,4,2,70,"Male","White","West"
1712,1,3,4,1,1,1,0,0,60,6,3,45,"Male","White","Midwest"
1713,1,3,5,1,1,1,0,0,100,5,2,49,"Male","White","Midwest"
1714,1,3,4,4,1,1,0,0,69,5,2,64,"Male","White","Northeast"
1715,1,3,5,2,1,1,1,84,32,7,1,51,"Female","White","South"
1716,1,2,4,4,1,0,0,43,2,4,1,61,"Female","White","South"
1717,1,2,3,4,1,1,1,40,40,3,2,42,"Male","White","South"
1718,1,3,4,3,1,1,0,1,15,5,3,53,"Male","White","West"
1719,1,2,3,4,1,1,0,65,5,3,2,61,"Male","White","Midwest"
1720,0,2,5,3,1,0,1,76,73,4,3,63,"Female","Black","South"
1721,1,3,4,6,1,0,0,59,11,2,4,63,"Female","White","South"
1722,0,2,5,1,1,0,0,40,30,5,1,39,"Male","White","Northeast"
1723,0,3,4,6,1,0,0,65,13,3,2,57,"Male","White","West"
1724,1,2,4,4,1,0,0,5,50,7,3,62,"Female","White","Midwest"
1725,0,1,4,5,0,1,1,72,56,4,3,18,"Female","Black","South"
1726,1,1,3,4,1,1,1,51,53,4,3,50,"Female","White","Midwest"
1727,0,2,5,3,1,0,0,26,62,2,1,27,"Male","Hispanic","South"
1728,1,3,2,2,1,1,1,80,5,4,1,42,"Male","White","Midwest"
1730,1,2,4,4,1,1,0,77,31,2,1,27,"Female","White","Midwest"
1731,1,2,4,4,0,1,0,58,8,2,1,38,"Female","White","Northeast"
1732,0,1,5,4,1,0,0,0,100,6,2,55,"Female","White","Northeast"
1733,0,2,4,4,1,0,0,51,50,2,1,19,"Female","White","South"
1734,1,3,5,4,1,1,0,6,46,5,4,64,"Female","White","South"
1735,1,3,5,4,0,0,0,51,15,3,2,64,"Male","White","Midwest"
1736,1,1,3,4,1,0,0,50,27,3,1,34,"Female","Hispanic","South"
1737,1,2,5,5,1,0,0,59,29,2,1,64,"Female","White","Midwest"
1738,1,2,4,3,1,1,0,53,2,2,1,59,"Male","White","West"
1739,1,3,4,4,0,0,0,69,0,4,2,58,"Male","White","Northeast"
1740,0,3,4,3,1,0,0,30,1,2,4,67,"Male","White","West"
1741,1,3,3,4,1,0,1,59,21,4,2,55,"Female","White","Northeast"
1742,0,3,5,7,1,1,0,90,0,2,1,73,"Male","White","West"
1743,1,2,5,6,0,0,1,72,0,2,1,50,"Male","White","South"
1744,0,3,5,4,1,1,0,25,75,6,3,69,"Female","Other","West"
1745,0,2,4,5,1,1,1,83,69,4,2,26,"Male","Black","South"
1746,0,3,4,3,0,1,1,11,88,6,2,71,"Female","Hispanic","South"
1747,0,2,3,1,1,1,1,33,68,5,3,67,"Male","White","South"
1748,1,2,5,7,1,1,1,88,3,2,1,36,"Female","White","South"
1749,0,3,5,4,1,0,0,1,74,6,3,60,"Female","White","South"
1750,1,3,3,4,1,1,0,73,10,2,1,54,"Male","White","South"
1751,1,3,4,3,1,0,0,15,70,6,3,73,"Male","White","South"
1753,1,2,3,4,1,0,0,60,59,2,3,41,"Female","White","Midwest"
1754,1,1,1,3,1,0,0,9,76,7,3,63,"Male","White","South"
1755,1,1,1,4,1,0,0,4,61,7,3,45,"Female","White","Northeast"
1756,0,3,5,7,1,0,0,60,0,1,1,52,"Female","White","South"
1757,0,3,5,4,1,1,0,0,50,4,2,59,"Female","White","South"
1759,1,3,4,4,1,0,0,70,3,2,1,76,"Male","White","Midwest"
1760,0,3,2,7,1,1,0,63,32,1,2,57,"Male","White","Midwest"
1762,1,1,4,4,1,0,0,76,16,7,1,70,"Female","Black","South"
1763,0,2,3,4,1,0,0,89,19,2,1,55,"Female","Black","South"
1764,1,2,3,2,0,0,0,5,5,4,2,54,"Male","White","South"
1765,1,1,5,2,1,0,0,48,80,4,2,37,"Female","White","Midwest"
1766,1,2,4,5,1,0,1,57,51,2,1,27,"Female","Hispanic","South"
1767,1,3,5,5,0,0,0,4,91,6,3,35,"Female","Hispanic","South"
1768,0,3,5,2,1,1,1,5,100,6,3,60,"Female","White","South"
1770,0,3,4,5,1,0,0,70,1,3,2,71,"Male","White","Midwest"
1771,1,3,3,2,1,1,0,0,10,4,2,41,"Male","White","South"
1772,1,3,4,3,1,1,0,27,44,5,2,33,"Female","White","South"
1773,0,3,3,6,1,0,0,7,81,4,2,79,"Male","White","Midwest"
1774,0,3,4,4,1,1,1,5,38,4,2,79,"Female","Hispanic","South"
1775,0,2,4,2,0,0,0,40,65,5,3,66,"Female","White","Midwest"
1776,1,1,5,4,1,1,0,49,47,4,2,54,"Female","Black","Northeast"
1778,0,2,3,6,1,0,0,41,10,4,2,76,"Male","White","South"
1779,1,1,4,6,1,0,0,51,53,4,2,41,"Female","White","Northeast"
1780,1,2,3,5,1,0,0,35,6,4,4,34,"Female","White","Midwest"
1781,1,1,3,2,1,0,0,31,59,4,3,24,"Female","White","West"
1782,0,3,5,4,1,0,0,2,100,6,3,80,"Female","White","South"
1783,0,1,3,2,1,0,0,12,50,6,3,61,"Female","White","Midwest"
1784,0,3,4,5,1,0,0,0,85,6,3,77,"Female","White","Midwest"
1785,1,2,5,4,1,0,0,68,42,2,1,34,"Female","Other","West"
1786,0,2,3,6,1,1,1,46,46,4,2,35,"Female","White","West"
1787,0,2,4,1,1,0,0,3,50,7,2,90,"Female","White","Midwest"
1790,0,3,5,6,1,0,0,62,0,4,4,73,"Female","Hispanic","West"
1791,1,2,4,5,1,1,1,58,4,2,1,22,"Female","Hispanic","West"
1792,0,1,3,2,1,0,0,67,67,5,3,58,"Female","White","Northeast"
1793,1,2,5,5,0,0,0,1,93,7,3,20,"Female","Black","West"
1794,0,2,5,4,1,0,0,29,48,6,2,44,"Female","White","South"
1796,0,1,2,4,1,0,0,60,0,2,1,38,"Female","Black","West"
1797,0,3,5,1,1,0,0,3,73,6,2,70,"Female","White","South"
1799,0,1,2,4,0,0,0,2,5,4,2,44,"Female","White","Midwest"
1800,0,3,5,4,1,0,0,0,100,6,3,66,"Female","White","South"
1801,1,3,5,4,1,0,0,15,72,4,2,76,"Female","White","West"
1802,0,2,4,4,1,1,0,8,49,6,3,70,"Female","White","South"
1804,1,3,5,4,1,1,1,3,70,6,2,46,"Female","White","Midwest"
1805,0,2,4,1,0,0,0,1,100,6,3,74,"Male","Hispanic","South"
1806,0,1,3,4,0,0,0,11,11,4,2,68,"Female","White","Midwest"
1807,0,3,5,2,1,1,0,8,95,6,3,73,"Female","White","South"
1808,1,2,4,4,0,1,1,57,55,4,1,22,"Female","Hispanic","West"
1809,0,2,3,6,1,0,0,39,75,4,1,20,"Female","White","West"
1810,0,2,3,4,1,0,0,62,68,2,3,31,"Female","White","West"
1811,1,2,5,4,1,1,1,30,0,3,1,27,"Female","Hispanic","South"
1813,0,2,5,5,1,1,0,60,40,4,1,60,"Female","Black","Midwest"
1815,0,1,5,4,1,0,1,87,100,4,4,63,"Female","Hispanic","South"
1818,1,3,5,7,1,1,1,60,52,4,3,30,"Female","Hispanic","West"
1820,1,3,3,7,0,1,0,92,49,4,1,38,"Male","White","Northeast"
1821,1,1,3,4,0,0,0,0,0,4,3,24,"Male","Hispanic","Northeast"
1823,0,2,2,4,1,1,1,33,54,5,2,34,"Male","White","South"
1824,1,2,3,5,1,0,1,30,10,4,1,26,"Female","Hispanic","West"
1825,1,3,2,3,1,1,1,34,50,4,2,43,"Female","White","Midwest"
1826,1,2,5,6,1,0,0,18,63,6,3,59,"Male","White","Midwest"
1827,1,2,4,7,0,1,0,3,1,2,2,30,"Female","Other","West"
1829,1,3,5,6,1,1,1,91,25,2,1,27,"Male","White","Northeast"
1830,1,2,2,4,1,0,1,77,38,4,2,50,"Male","Hispanic","West"
1831,0,2,4,2,0,0,0,87,71,4,1,42,"Male","Black","South"
1832,1,2,4,2,1,0,0,73,60,4,1,27,"Female","White","Northeast"
1833,1,3,4,4,1,1,1,70,0,4,2,47,"Female","Other","Midwest"
1834,1,2,3,6,1,1,1,88,81,4,4,27,"Female","White","Northeast"
1835,0,2,3,6,1,0,1,50,50,2,2,34,"Female","Black","South"
1836,1,3,2,6,1,1,0,82,94,1,1,38,"Female","Hispanic","West"
1837,1,2,3,5,1,1,1,25,28,4,2,26,"Female","Hispanic","West"
1838,0,3,4,5,1,0,0,66,0,1,1,40,"Male","White","Northeast"
1839,0,2,3,1,1,0,0,50,51,4,2,61,"Female","Black","South"
1840,0,1,5,4,1,0,0,87,0,2,1,60,"Female","Black","South"
1841,1,2,4,6,1,0,1,57,84,6,3,29,"Female","White","Northeast"
1842,1,3,4,6,1,0,0,76,78,2,1,23,"Male","White","West"
1843,1,1,3,5,0,0,0,5,33,5,4,55,"Female","White","Northeast"
1845,0,2,5,4,1,1,1,86,0,2,2,22,"Male","White","Midwest"
1846,0,2,3,4,1,0,0,85,0,2,1,47,"Male","Black","South"
1847,0,2,4,4,1,0,0,100,1,4,1,33,"Male","Hispanic","Midwest"
1848,0,2,4,4,1,0,0,56,0,2,1,42,"Male","White","Midwest"
1849,1,2,1,4,0,0,0,8,82,7,3,57,"Male","White","West"
1850,1,2,5,6,1,0,0,30,73,4,3,26,"Male","White","Northeast"
1851,1,2,3,4,0,0,0,23,50,5,4,44,"Female","White","West"
1852,1,2,5,1,1,1,1,82,61,3,1,20,"Female","White","Northeast"
1853,0,3,5,7,1,0,0,5,42,7,2,59,"Male","White","West"
1854,1,2,4,3,1,1,1,60,60,4,2,39,"Male","White","Northeast"
1855,1,2,2,6,1,0,1,43,42,4,1,19,"Male","Hispanic","South"
1858,0,1,4,2,1,0,0,67,60,5,2,76,"Female","White","South"
1861,1,3,4,7,1,0,0,83,0,2,1,43,"Male","White","Northeast"
1862,1,1,4,4,1,1,1,60,15,3,1,22,"Female","Hispanic","West"
1864,0,3,5,2,1,1,0,1,85,6,3,76,"Female","Other","West"
1865,0,3,5,4,1,0,0,100,0,1,1,52,"Female","Black","West"
1866,0,1,2,4,1,1,0,60,30,2,4,22,"Male","Hispanic","South"
1868,0,2,5,7,1,0,0,100,21,4,1,54,"Female","Black","South"
1869,1,3,3,6,1,1,1,75,74,4,2,21,"Male","Hispanic","South"
1870,1,2,5,4,1,0,1,0,85,6,3,62,"Male","Black","South"
1871,1,1,1,1,0,1,1,50,50,4,4,18,"Female","Hispanic","South"
1873,1,3,5,6,1,1,0,2,51,7,3,58,"Male","White","Northeast"
1874,0,2,3,7,1,0,0,0,50,4,2,54,"Male","Other","South"
1875,1,3,5,1,1,0,1,0,95,4,2,62,"Female","White","South"
1876,0,2,4,2,1,1,1,61,97,5,3,45,"Male","White","Midwest"
1877,1,3,5,5,1,1,1,56,9,4,1,43,"Female","Hispanic","South"
1878,1,1,4,2,0,0,0,2,90,4,2,58,"Female","White","Northeast"
1879,0,2,4,4,1,0,0,39,75,4,3,54,"Male","White","Midwest"
1881,1,2,3,6,1,0,1,35,90,6,3,36,"Female","White","Midwest"
1882,0,2,3,1,1,0,0,0,74,7,3,62,"Female","White","Midwest"
1883,1,3,3,4,1,0,0,16,16,5,2,47,"Male","White","South"
1884,0,2,5,3,0,1,1,91,65,5,1,38,"Male","Hispanic","West"
1885,1,3,4,4,1,1,1,1,60,4,2,52,"Male","White","South"
1886,0,2,3,4,0,0,1,52,52,4,2,43,"Female","Hispanic","Northeast"
1887,1,3,5,4,0,0,0,0,90,6,3,61,"Male","White","South"
1888,1,3,5,4,1,1,0,0,100,7,3,64,"Male","White","South"
1890,1,1,5,4,1,1,1,44,96,4,3,21,"Female","White","South"
1892,0,2,1,4,0,1,0,0,0,1,2,22,"Female","Other","West"
1894,1,2,4,4,0,1,0,20,50,5,3,26,"Male","Hispanic","Midwest"
1896,0,2,3,4,1,0,1,50,45,4,1,26,"Female","Hispanic","West"
1897,1,2,3,4,1,1,1,71,56,4,1,33,"Male","Black","South"
1898,1,1,4,3,1,1,0,57,46,4,1,25,"Female","White","Northeast"
1899,1,3,2,3,1,1,1,57,67,5,3,50,"Male","Other","West"
1901,0,3,3,5,0,1,0,23,3,1,1,28,"Female","White","Midwest"
1902,0,3,5,4,1,1,0,5,73,6,3,73,"Male","White","West"
1903,0,3,5,7,0,0,0,81,0,1,2,75,"Female","Black","Northeast"
1904,1,3,5,2,1,1,1,51,1,1,1,35,"Male","White","Midwest"
1905,0,3,4,5,1,0,1,98,0,1,1,58,"Male","Hispanic","West"
1906,0,3,4,7,1,1,0,72,4,2,1,59,"Female","Hispanic","West"
1907,1,2,4,6,1,1,1,59,9,2,1,26,"Female","White","South"
1908,1,3,5,5,0,0,0,93,0,2,1,64,"Male","Hispanic","West"
1909,0,1,3,4,1,0,0,49,39,4,3,69,"Female","White","Northeast"
