ccode,year,cabbr,country,gdppc95d,gdppppd,tradegdp,war,iwar,regime,bwpct,biwpct,nwpct,niwpct,wbcode,AandC,adults,adrate,women,child,deaths,pop,adpop,areakm2,cen_lat,cen_lon,popden,CIA,cudead,irate,ipopden,ipop,cty_year,refsin,asylin,refsout,asylout,longxlat,politylag,warlag,iwarlag,logtrade,loggdp,interst,intrast,intlized,location,count,countlag,loclag,interlag,intralag,iratelag,refxirat,incxirat,excxirat,gdpxirat,year1900,logirate,polxirat,fehat,fese,rehat,rese,slaghat,slagse,serrhat,serrse,Solshat,Sfehat,Srehat,Slaghat,Serrhat,felb,feub,reub,relb,slagub,slaglb,serrub,serrlb,pollagsq,exppollg,lnpollag,adrate2,AGEA,AGEI,AUT,BRITCOL,CATH,COMEX,EDT,EDTG,ELF60,ETHNIC,GINI,GXPDEDUC,GXPDHLTH,GXPDSSEC,GXPKTOTL,INEQ,INST,LEGSELEC,MOSLEM,OIL,PROT,REGION,REGION2,RELIGION,RIOTS,STRIKES,UNSTABLE,WAR,TAXGDP,TAXGNP,TREV,PRIVCON,INCOMEY,INCOMET,DIRT,INDIRT,democ,autoc,polity,polity2,durable,xrreg,xrcomp,xropen,xconst,parreg,parcomp,exrec,exconst,polcomp,bdate,bprec,change,d3,sf,regtrans,BANKScode,Radios,Newspapers,Assinations,GenStrikes,GovCrises,Purges,Riots,Revolutions,AntiGovDem,ConflictIndex,RegimeType,Coups,HeadofState,Guerilla,RegisteredVoters,MajConstChg,Premier,Legselec,NatGovRevenue,NatGovExpend,defenseovertotal,name,chcode,longname,coding_differs,WorldBankCode,WorldBankName,fatlev1,hostlev1,legselec,esolow,bhkavg,exchprem,sh_staa,sh_med_b,sh_med_p,sh_h2o_s,immig,emig,ID,NAME,PR,CL,cap,milper,milex,energy,irst,majpow,warnoEX,EXdeaths,EXintside,EXinitiate,sysstat,EX_war_start,EXduration,EX_WAR,number_of_EXwars,biggestEXwar,warno,duration,outcome,initiate,is_war_start,IS_WAR,number_of_ISwars,biggestISwar,warnoCL,CLdeaths,CLintside,CLinitiate,CL_war_start,CLduration,CL_WAR,number_of_CLwars,biggestCLwar,ai,sd,ainew,sdnew,idgurr,worldbankcode,WB_pop,WB_gdppc_constUS95,WB_growth,WB_gdp_curUS,WB_gdp95,Aid_pcUS,FemSec,Doctors,MilPerson,MilEx,MilExGNI,InfMort,LowBirth,LifeExp,Labor_PrimEd,ImmuneMEASLES,ImmuneDPT,Illiteracy,Beds,HealthEXP,HealthExpPPP,GrossNatSaving,GrossDomSaving,Capital_formation,Saving_dom,FDI,Foreign_Finnace,ConsumptionSpending,Expenditure,Deathrate,newspaper,HealthExpend,EducExpend,CapitalExpend_tot,CurRevenue,GrossDomInvest,GovDebt,Birthrate,total_aid,aid_cap_constUS,aid_gdp,CapitalExpend,rgdpch,rgdpl,c,i,g,rgdptt,y,cgdp,cc,ci,cg,p,pc,pi,pg,xr,rgdpea,rgdpw,kapw,kdur,knres,kother,kres,ktranp,open,rgnp,ipri,stliv,finittrm,yrcurnt,military,auton,eda,strikes,nspolpr,agovdem,govtcris,corrupti80_89,purges,coups,riots,constchg,cabchg,genocide,worldbankname,NatYr,cowreg,regyr,demaut,lpop,lpop_WB,s,S,W,W_extend,W_mod,polityW,polityWn,Parl_Pres,w2,demaut2,WoverS,dbigw,dW,dw30,lagW,lagW2,dwos30,grow,LongGR1,LongGR2,LongGR3,LongGR4,lagGrow,lrgdpc,laglrgdpc,lgdpWB,laglgdpWB,VarGrow,VarGrow_,build,bal_bud,VarBud,Var_bud,Klepto,nexcap,Acname,Astate,Aname,Asource,Anotes,assass,autoc1,democ1,asscount,newpolty,type1,type2,type3,type4,conflict,meanreb,maxreb,meanprot,maxprot,annpolty,poldisim,newcomp,populat,intAC,extAC,majxdis,Nxrreg,Nxrcomp,Nxropen,Nxconst,Nparreg,Nparcomp,Ndemoc,Nautoc,Ndma,totalimp,totalexp,tottrade,popul,popopen,popmils,in_cap_ar1,in_maj_ar1,simxopen,cwsxopen,cwmxopen,assdurat,stateid,kg_pop,rgdp85pc,gdppc,origin,newopen,disxopen,kgpopmil,maj_hat,maj_se,maj_in,cap_hat,cap_se,cap_in,poltysq,polityrel,majxopen,rgdp1000,inmodel,cap100,capxopen,asshat,yearsq,YEAR,YEARSQ,coldwar,POLITY,DPOLITY,POLTYdif,POLITYWRECK,UNREG,ELECT,OPEN,SELECT,POWER,REPRESS,SELxPOW,SELxREP,POWxREP,THREEWAY,ConfIn1000,UNREST,INSTAB,rgdpsq,indata,asssum,id,_st,_d,_t,_t0,APSAprob,APSAhat,civilwar,REPRESSSQ,POWERSQ,SELECTSQ,meanREP,meanPOW,mREPxmPOW,REPdif,POWdif,REPdxPOWd,intAClag,extAClag,logadrate,logpopden,civilwarlag,rgdplag,dum97,dum99,dum01,politywrecklag,lngdp,lntrade,refsmill,gnipc,docsperK,healthexp,topteninc,poverty,loggni,healthlag,moransi,subsaharan,moransilag,moransichange,interxgdp,intraxgdp,refstotal,muslperc,lnMuslPerc,literacy,_est_GDP,_est_TRADE,_est_HEALTHEXP,_est_REFS,_est_AIDS,logdeaths,gdphat,tradehat,healthexphat,refshat,_est_full_lag,_est_reduced_lag,logiratelag,logratechange,logrefsin,newlaghats,newerrorhats,logpop,logadults,logpopsq,INTERST,INTRAST,INTERSTlag1,INTERSTlag2,INTERSTlag3,INTERSTlag4,INTRASTlag1,INTRASTlag2,INTRASTlag3,INTRASTlag4,INTERSTavg,INTRASTavg,IDPs,altIDPs,lnIDPs
540,2001,AGO,Angola,,1.33,72.93,1,1,,,,,,AGO,350000,320000,5.5,190000,37000,24000,13527,5767,1235014,-12.35773,17.739441,.010952912,,,5.5,.010952912,13527,5402001,12,0,439,0,-219.21922,-3,1,1,4.2895002,7.192934,,,,,,2,3,0,0,4.138,49.655998,0,0,5.50354,2001,1.704748,-12.414,5.2382851,1.0299852,4.5975385,.32492754,3.2436087,.53857052,4.3560662,.062312115,4.4335461,4.5547247,4.5465798,3.3252962,4.8870249,3.2195141,7.2570562,5.2343965,3.9606805,4.2992067,2.1880105,4.4781981,4.2339344,9,.049787067,,2365.6392,,,,,,,,,,,,,,,,,,,,,,,,,,,,,,,,,,,,,,,,,,,,,,,,,,,,,,,,,,,,,,,,,,,,,,,,,,,,,,,,,,,,,,,,,,,,,,,,,,,,,,,,,,,,,,,,,,,,,,,,,,,,,,,,,,,,,,,,,,,,,,,,,,,,,,,,,,,,,,,,,,,,,,,,,,,,,,,,,,,,,,,,,,,,,,,,,,,,,,,,,,,,,,,,,,,,,,,,,,,,,,,,,,,,,,,,,,,,,,,,,,,,,,,,,,,,,,,,,,,,,,,,,,,,,,,,,,,,,,,,,,,,,,,,,,,,,,,,,,,,,,,,,,,,,,,,,,,,,,,,,,,,,,,,,,,,,,,,,,,,,,,,,,,,,,,,,,,,,,,,,,,,,,,,,,,,,,,,,,0,3,1.704748,-4.5141497,0,,0,0,1,0,.28517899,4.2895002,.012,1610,,4.4000001,,,7.3839893,3.5,.068999998,1,,,0,0,451,0,-.69314718,42,1,1,1,1,1,10.085809,-.38335559,3.6969819,4.0074544,.047107883,1,1,1.4202126,.28453541,2.4849067,.86279684,-.20274246,9.5124426,12.676076,90.486565,,,0,0,0,0,0,3,3,1,0,1.75,202000,202000,12.216023
434,2001,BEN,Benin,,1.04,6.96,0,0,,,,,,BEN,120000,110000,3.5999999,67000,12000,8100,6446,2929,116045.6,9.6165133,2.5529239,.055547129,,,3.5999999,.055547129,6446,4342001,5,0,0,0,24.550226,6,0,0,1.9401795,6.9469762,,,,,,0,0,0,0,3.0235,15.1175,0,0,3.1444399,2001,1.2809339,18.140999,3.165705,.57581103,3.452065,.41290382,2.0098178,.6142633,3.5112231,.16537724,3.2408876,3.4034035,3.3641112,2.1818988,3.7263057,2.0371153,4.2942944,4.2613564,2.6427736,3.213774,.80586177,3.8353624,3.1870837,36,403.4288,1.7917595,1706.4846,,,,,,,,,,,,,,,,,,,,,,,,,,,,,,,,,,,,,,,,,,,,,,,,,,,,,,,,,,,,,,,,,,,,,,,,,,,,,,,,,,,,,,,,,,,,,,,,,,,,,,,,,,,,,,,,,,,,,,,,,,,,,,,,,,,,,,,,,,,,,,,,,,,,,,,,,,,,,,,,,,,,,,,,,,,,,,,,,,,,,,,,,,,,,,,,,,,,,,,,,,,,,,,,,,,,,,,,,,,,,,,,,,,,,,,,,,,,,,,,,,,,,,,,,,,,,,,,,,,,,,,,,,,,,,,,,,,,,,,,,,,,,,,,,,,,,,,,,,,,,,,,,,,,,,,,,,,,,,,,,,,,,,,,,,,,,,,,,,,,,,,,,,,,,,,,,,,,,,,,,,,,,,,,,,,,,,,,,,0,0,1.2809339,-2.8905234,0,,0,0,1,0,.039220676,1.9401795,.0049999999,1020,,4.4000001,,,6.9275579,4.1999998,-.003,1,-.0040000002,.0010000002,0,0,5,20,2.9957323,39,1,1,1,1,1,8.9996195,-.28194848,3.415555,4.5818315,.027685227,1,1,1.106415,.17451882,1.6094379,-.10689644,-1.3543581,8.7712154,11.608235,76.934219,,,0,0,0,0,0,0,0,0,0,0,0,1,0
571,2001,BWA,Botswana,,7.8000002,37.099998,0,0,,,,,,BWA,330000,300000,38.799999,170000,28000,26000,1554,762,589403.19,-22.26193,23.95509,.0026365654,,,38.799999,.0026365654,1554,5712001,4,0,0,0,-533.28656,9,0,0,3.6136169,8.9618788,,,,,,0,0,0,0,37.300499,149.202,0,0,290.94391,2001,3.6584203,335.7045,29.7803,2.3355355,36.358467,1.3085976,37.370506,1.7213076,42.188953,1.2888378,39.921696,38.812851,39.731522,37.347649,39.424801,25.20265,34.357948,38.923317,33.793617,40.74427,33.996742,44.715076,39.66283,81,8103.084,2.1972246,19305.02,,,,,,,,,,,,,,,,,,,,,,,,,,,,,,,,,,,,,,,,,,,,,,,,,,,,,,,,,,,,,,,,,,,,,,,,,,,,,,,,,,,,,,,,,,,,,,,,,,,,,,,,,,,,,,,,,,,,,,,,,,,,,,,,,,,,,,,,,,,,,,,,,,,,,,,,,,,,,,,,,,,,,,,,,,,,,,,,,,,,,,,,,,,,,,,,,,,,,,,,,,,,,,,,,,,,,,,,,,,,,,,,,,,,,,,,,,,,,,,,,,,,,,,,,,,,,,,,,,,,,,,,,,,,,,,,,,,,,,,,,,,,,,,,,,,,,,,,,,,,,,,,,,,,,,,,,,,,,,,,,,,,,,,,,,,,,,,,,,,,,,,,,,,,,,,,,,,,,,,,,,,,,,,,,,,,,,,,,,0,0,3.6584203,-5.9382782,0,,0,0,1,0,2.0541236,3.6136169,.0040000002,7220,,6.5999999,,,8.8846102,6,.82300001,1,.75999999,.063000023,0,0,4,0,-.69314718,78,1,1,1,1,1,10.165852,1.0594128,3.8514016,5.3774052,.052350987,1,1,3.6190066,.039413691,1.3862944,.61312091,-1.1645504,7.3485875,12.611538,54.00174,,,0,0,0,0,0,0,0,0,0,0,0,1,0
516,2001,BDI,Burundi,,.60000002,4.0300002,1,1,,,,,,BDI,390000,330000,8.3000002,190000,55000,40000,6502,2887,28289.77,-3.5147741,30.0655,.22983573,,,8.3000002,.22983573,6502,5162001,28,0,376,0,-105.67344,-1,1,1,1.3937664,6.3969297,,,,,,1,3,0,3,9.8099995,274.67999,29.429998,0,5.8859997,2001,2.1162555,-9.8099995,10.243737,2.7061791,10.081689,.78604275,7.271759,.99515384,9.2078247,.3527129,10.503317,10.414117,10.56449,9.1443615,10.794248,4.9396262,15.547849,11.622333,8.5410452,9.2222605,5.3212576,9.8991423,8.5165071,1,.36787945,,5075.3613,,,,,,,,,,,,,,,,,,,,,,,,,,,,,,,,,,,,,,,,,,,,,,,,,,,,,,,,,,,,,,,,,,,,,,,,,,,,,,,,,,,,,,,,,,,,,,,,,,,,,,,,,,,,,,,,,,,,,,,,,,,,,,,,,,,,,,,,,,,,,,,,,,,,,,,,,,,,,,,,,,,,,,,,,,,,,,,,,,,,,,,,,,,,,,,,,,,,,,,,,,,,,,,,,,,,,,,,,,,,,,,,,,,,,,,,,,,,,,,,,,,,,,,,,,,,,,,,,,,,,,,,,,,,,,,,,,,,,,,,,,,,,,,,,,,,,,,,,,,,,,,,,,,,,,,,,,,,,,,,,,,,,,,,,,,,,,,,,,,,,,,,,,,,,,,,,,,,,,,,,,,,,,,,,,,,,,,,,,0,3,2.1162555,-1.4703904,0,,0,0,1,0,-.51082557,1.3937664,.028000001,610,,3.5999999,,,6.4134588,3.5,.126,1,.34099999,-.21499999,0,-1.5324767,404,10,2.3025851,49,1,1,1,1,1,10.596635,-.48506781,2.5575173,3.8781955,.079131119,1,1,2.2834022,-.16714668,3.3322046,-.60176945,-.72460639,8.7798653,12.706848,77.086037,,,0,0,0,0,3,2,3,2,0,2.5,20000,20000,9.9034872
471,2001,CMR,Cameroon,,1.7,13.64,0,0,,,,,,CMR,920000,860000,11.8,500000,69000,53000,15203,7065,463006.31,5.680264,12.92409,.032835405,,,11.8,.032835405,15203,4712001,32,0,0,0,73.412247,-4,0,0,2.6130066,7.4383836,,,,,,0,0,0,0,9.7655001,312.496,0,0,16.601351,2001,2.4680996,-39.062,12.218043,.60081965,11.222578,.32413688,8.9687862,.57286459,10.554613,.25856301,10.455697,10.368147,10.517278,9.0987082,10.747903,11.040437,13.39565,11.857886,10.58727,10.0916,7.8459716,11.061397,10.04783,16,.018315639,,5656.7783,,,,,,,,,,,,,,,,,,,,,,,,,,,,,,,,,,,,,,,,,,,,,,,,,,,,,,,,,,,,,,,,,,,,,,,,,,,,,,,,,,,,,,,,,,,,,,,,,,,,,,,,,,,,,,,,,,,,,,,,,,,,,,,,,,,,,,,,,,,,,,,,,,,,,,,,,,,,,,,,,,,,,,,,,,,,,,,,,,,,,,,,,,,,,,,,,,,,,,,,,,,,,,,,,,,,,,,,,,,,,,,,,,,,,,,,,,,,,,,,,,,,,,,,,,,,,,,,,,,,,,,,,,,,,,,,,,,,,,,,,,,,,,,,,,,,,,,,,,,,,,,,,,,,,,,,,,,,,,,,,,,,,,,,,,,,,,,,,,,,,,,,,,,,,,,,,,,,,,,,,,,,,,,,,,,,,,,,,,0,0,2.4680996,-3.4162478,0,,0,0,1,0,.53062826,2.6130066,.032000002,1850,,3.3,35.386951,40.200001,7.5229411,3.0999999,.064999998,1,.043000001,.021999996,0,0,32,20,2.9957323,68,1,1,1,1,1,10.878047,.54685056,4.006886,4.6337099,.064140409,1,1,2.2788558,.18924379,3.4657359,-.37872651,-1.0420724,9.6292477,13.664688,92.722412,,,0,0,0,0,0,0,0,0,0,0,0,1,0
482,2001,CAF,Central African Republic,,1.3,6.96,0,0,,,,,,CAF,150000,130000,12.9,76000,18000,14000,8135,3570,631687.81,6.5045552,20.602421,.012878197,,,12.9,.012878197,8135,4822001,49,0,2,0,134.00958,-7,0,0,1.9401795,7.1701198,,,,,,0,0,0,0,13.3685,655.05652,0,0,17.379049,2001,2.5572274,-93.579498,17.558147,.9554593,15.569201,.44930783,12.728518,.63822395,14.651391,.43682945,14.311371,14.090183,14.340009,12.795129,14.500322,15.685447,19.430847,16.449844,14.688559,13.979438,11.477599,15.507577,13.795205,49,.00091188197,,1598.0332,,,,,,,,,,,,,,,,,,,,,,,,,,,,,,,,,,,,,,,,,,,,,,,,,,,,,,,,,,,,,,,,,,,,,,,,,,,,,,,,,,,,,,,,,,,,,,,,,,,,,,,,,,,,,,,,,,,,,,,,,,,,,,,,,,,,,,,,,,,,,,,,,,,,,,,,,,,,,,,,,,,,,,,,,,,,,,,,,,,,,,,,,,,,,,,,,,,,,,,,,,,,,,,,,,,,,,,,,,,,,,,,,,,,,,,,,,,,,,,,,,,,,,,,,,,,,,,,,,,,,,,,,,,,,,,,,,,,,,,,,,,,,,,,,,,,,,,,,,,,,,,,,,,,,,,,,,,,,,,,,,,,,,,,,,,,,,,,,,,,,,,,,,,,,,,,,,,,,,,,,,,,,,,,,,,,,,,,,,0,0,2.5572274,-4.3522196,0,,0,0,1,0,.26236424,1.9401795,.048999999,1180,,4.5,,,7.0732698,4.3000002,.075999998,1,.097999997,-.022,0,0,51,15,2.7080503,50,1,1,1,1,1,9.546813,-.043332424,3.9151089,3.9875739,.059653249,1,1,2.5929012,-.035673857,3.8918202,1.017813,.23345959,9.003931,11.77529,81.070778,,,0,0,0,0,0,0,0,0,0,0,0,1,0
483,2001,TCD,Chad,,1.03,4.4400001,1,1,,,,,,TCD,250000,220000,12.9,130000,25000,22000,3782,1722,1268417,15.31419,18.80826,.0029816693,,,12.9,.0029816693,3782,4832001,15,0,35,0,288.03326,-2,1,1,1.4906543,6.937314,,,,,,1,1,0,1,7.7944999,116.9175,7.7944999,0,8.0283346,2001,2.5572274,-15.589,10.648098,1.2877136,8.9929962,.38454208,6.7680116,.5969438,8.3742924,.20938827,8.3464727,8.3320284,8.426074,7.0766034,8.6951628,8.1241789,13.172017,9.7466984,8.2392941,7.9380212,5.598002,8.7846937,7.9638915,4,.13533528,,5817.0278,,,,,,,,,,,,,,,,,,,,,,,,,,,,,,,,,,,,,,,,,,,,,,,,,,,,,,,,,,,,,,,,,,,,,,,,,,,,,,,,,,,,,,,,,,,,,,,,,,,,,,,,,,,,,,,,,,,,,,,,,,,,,,,,,,,,,,,,,,,,,,,,,,,,,,,,,,,,,,,,,,,,,,,,,,,,,,,,,,,,,,,,,,,,,,,,,,,,,,,,,,,,,,,,,,,,,,,,,,,,,,,,,,,,,,,,,,,,,,,,,,,,,,,,,,,,,,,,,,,,,,,,,,,,,,,,,,,,,,,,,,,,,,,,,,,,,,,,,,,,,,,,,,,,,,,,,,,,,,,,,,,,,,,,,,,,,,,,,,,,,,,,,,,,,,,,,,,,,,,,,,,,,,,,,,,,,,,,,,0,1,2.5572274,-5.8152719,0,,0,0,1,0,.029558774,1.4906543,.015,940,,2.5999999,,,6.84588,3.0999999,-.041000001,1,0,-.041000001,0,.029558774,50,51,3.9318256,44,1,1,1,1,1,9.9987974,.26694262,3.5272181,3.8380389,.065373808,1,1,2.0534184,.50380898,2.7080503,.00031406494,-.70791078,8.2380085,12.301383,67.864784,,,0,0,0,0,1,1,1,1,0,1,0,1,0
490,2001,ZAR,"Congo, Dem. Rep.",,.58999997,5.54,0,1,,,,,,ZAR,1300000,1100000,4.9000001,670000,170000,120000,52522,22073,2346334,-2.9202759,23.7722,.022384707,,,4.9000001,.022384707,52522,4902001,285,0,349,0,-69.421379,0,1,1,1.7119945,6.3801227,,,,,,1,3,0,0,4.9840002,1420.4401,0,0,2.9405601,2001,1.5892352,0,8.1171875,1.1430471,5.5560012,.49444315,3.5158954,.68350148,5.0657897,.14736225,5.3388753,5.4286752,5.4441738,4.1932316,5.7681098,5.8768153,10.35756,6.5251098,4.5868926,4.8555584,2.1762326,5.3546195,4.7769599,0,1,,2094.3604,,,,,,,,,,,,,,,,,,,,,,,,,,,,,,,,,,,,,,,,,,,,,,,,,,,,,,,,,,,,,,,,,,,,,,,,,,,,,,,,,,,,,,,,,,,,,,,,,,,,,,,,,,,,,,,,,,,,,,,,,,,,,,,,,,,,,,,,,,,,,,,,,,,,,,,,,,,,,,,,,,,,,,,,,,,,,,,,,,,,,,,,,,,,,,,,,,,,,,,,,,,,,,,,,,,,,,,,,,,,,,,,,,,,,,,,,,,,,,,,,,,,,,,,,,,,,,,,,,,,,,,,,,,,,,,,,,,,,,,,,,,,,,,,,,,,,,,,,,,,,,,,,,,,,,,,,,,,,,,,,,,,,,,,,,,,,,,,,,,,,,,,,,,,,,,,,,,,,,,,,,,,,,,,,,,,,,,,,,0,3,1.5892352,-3.7993772,0,,0,0,1,1,-.52763277,1.7119945,.285,610,,3.5,,,6.4134588,3.2,.023,1,.082999997,-.059999995,0,0,634,10,2.3025851,66,1,1,1,1,1,11.695247,.46911451,3.8765569,4.7753739,.056196239,1,1,1.6062329,-.016997695,5.6524892,.59443086,-.0010430689,10.868987,13.910821,118.13488,,,0,0,0,0,0,0,0,0,0,0,3458,3458,8.1484461
484,2001,COG,"Congo, Rep.",,.89999998,133,0,0,,,,,,COG,110000,99000,7.1999998,59000,15000,11000,3110,1364,329168.31,-.87841302,15.33877,.0094480542,,,7.1999998,.0094480542,3110,4842001,102,0,25,0,-13.473775,-6,0,0,4.8903489,6.8023949,,,,,,0,0,0,0,6.8149996,695.12994,0,0,6.1334996,2001,1.974081,-40.889999,8.9501295,.9734574,7.2942476,.37440169,5.6289592,.70385003,6.9373527,.20068972,7.2982807,7.3201671,7.3868384,6.0717063,7.6750422,7.0421529,10.858106,8.0280752,6.5604205,7.0085053,4.249413,7.3307047,6.5440006,36,.0024787523,,3183.2798,,,,,,,,,,,,,,,,,,,,,,,,,,,,,,,,,,,,,,,,,,,,,,,,,,,,,,,,,,,,,,,,,,,,,,,,,,,,,,,,,,,,,,,,,,,,,,,,,,,,,,,,,,,,,,,,,,,,,,,,,,,,,,,,,,,,,,,,,,,,,,,,,,,,,,,,,,,,,,,,,,,,,,,,,,,,,,,,,,,,,,,,,,,,,,,,,,,,,,,,,,,,,,,,,,,,,,,,,,,,,,,,,,,,,,,,,,,,,,,,,,,,,,,,,,,,,,,,,,,,,,,,,,,,,,,,,,,,,,,,,,,,,,,,,,,,,,,,,,,,,,,,,,,,,,,,,,,,,,,,,,,,,,,,,,,,,,,,,,,,,,,,,,,,,,,,,,,,,,,,,,,,,,,,,,,,,,,,,,0,0,1.974081,-4.6619463,0,,0,0,1,0,-.10536055,4.8903489,.102,700,,2.0999999,,,6.5510802,2,.054000001,1,.066,-.011999998,0,0,127,2,.69314718,82,1,1,1,1,1,9.3056507,.88540304,4.2204642,4.7273164,.07783176,1,1,1.919126,.054955006,4.6249728,-.057863727,-.39543894,8.0423784,11.502875,64.679848,,,0,0,0,0,0,0,0,0,0,0,0,1,0
437,2001,CIV,Cote d'Ivoire,,1.55,23.530001,0,0,,,,,,CIV,770000,690000,9.6999998,400000,84000,75000,16349,7854,313565.59,7.6115732,-5.3260169,.05213901,,,9.6999998,.05213901,16349,4372001,103,0,0,0,-40.539368,4,0,0,3.1582763,7.3460102,,,,,,0,0,0,0,10.23,1053.6899,0,0,15.856499,2001,2.272126,40.919998,12.46182,.42685932,11.322939,.3392913,8.8018322,.72714293,10.563817,.097746171,10.952771,10.847993,11.010105,9.5752516,11.231666,11.625175,13.298464,11.98795,10.657928,10.227033,7.3766322,10.7554,10.372234,16,54.598148,1.3862944,4220.4414,,,,,,,,,,,,,,,,,,,,,,,,,,,,,,,,,,,,,,,,,,,,,,,,,,,,,,,,,,,,,,,,,,,,,,,,,,,,,,,,,,,,,,,,,,,,,,,,,,,,,,,,,,,,,,,,,,,,,,,,,,,,,,,,,,,,,,,,,,,,,,,,,,,,,,,,,,,,,,,,,,,,,,,,,,,,,,,,,,,,,,,,,,,,,,,,,,,,,,,,,,,,,,,,,,,,,,,,,,,,,,,,,,,,,,,,,,,,,,,,,,,,,,,,,,,,,,,,,,,,,,,,,,,,,,,,,,,,,,,,,,,,,,,,,,,,,,,,,,,,,,,,,,,,,,,,,,,,,,,,,,,,,,,,,,,,,,,,,,,,,,,,,,,,,,,,,,,,,,,,,,,,,,,,,,,,,,,,,,0,0,2.272126,-2.9538419,0,,0,0,1,0,.43825489,3.1582763,.103,1490,,6.1999998,,,7.3065314,6.1999998,-.039999999,1,-.050000001,.010000002,0,0,103,37.5,3.624341,50,1,1,1,1,1,11.225244,.227501,3.632386,4.7258992,.039365947,1,1,2.3253245,-.053198576,4.6347289,.13552925,-1.2039554,9.7019224,13.444447,94.127296,,,0,0,0,0,0,0,0,0,0,0,0,1,0
651,2001,EGY,"Egypt, Arab Rep.",,3.7,66.32,0,0,,,,,,EGY,8000,8000,.1,780,,,69080,36301,1000480,26.409781,30.0268,.069046855,,,.1,.069046855,69080,6512001,75,0,0,0,793.00122,-6,0,0,4.1944914,8.2160883,,,,,,0,0,0,0,.061500002,4.6125002,0,0,.22755001,2001,-2.3025851,-.36900002,-.43079898,.58980298,.23381032,.41720551,-1.1017474,.48008141,-.21538234,.17978249,.0711658,.34354445,.22147125,-.85690129,.64146894,-1.5868129,.72521484,1.0515331,-.58391249,-.16078784,-2.042707,.13699135,-.56775606,36,.0024787523,,11.580776,,,,,,,,,,,,,,,,,,,,,,,,,,,,,,,,,,,,,,,,,,,,,,,,,,,,,,,,,,,,,,,,,,,,,,,,,,,,,,,,,,,,,,,,,,,,,,,,,,,,,,,,,,,,,,,,,,,,,,,,,,,,,,,,,,,,,,,,,,,,,,,,,,,,,,,,,,,,,,,,,,,,,,,,,,,,,,,,,,,,,,,,,,,,,,,,,,,,,,,,,,,,,,,,,,,,,,,,,,,,,,,,,,,,,,,,,,,,,,,,,,,,,,,,,,,,,,,,,,,,,,,,,,,,,,,,,,,,,,,,,,,,,,,,,,,,,,,,,,,,,,,,,,,,,,,,,,,,,,,,,,,,,,,,,,,,,,,,,,,,,,,,,,,,,,,,,,,,,,,,,,,,,,,,,,,,,,,,,,0,0,-2.3025851,-2.6729701,0,,0,0,1,0,1.3083328,4.1944914,.075000003,3720,,3.9000001,,,8.2214794,3.8,.26899999,0,-.050999999,.31999999,0,0,75,94,4.5432949,45,1,1,1,1,1,,.48574916,3.9578636,4.1212401,.056606613,1,1,-2.788718,.48613286,4.3174882,-1.8423231,-2.8809984,11.143021,8.9871969,124.16691,,,0,0,0,0,0,0,1,1,0,.5,0,1,0
411,2001,GNQ,Equatorial Guinea,,2.0999999,272.69,0,0,,,,,,GNQ,5900,5500,3.4000001,3000,420,370,470,211,24629.74,1.6366,10.47573,.019082621,,,3.4000001,.019082621,470,4112001,0,0,0,0,17.144579,-5,0,0,5.6083355,7.6496925,,,,,,0,0,0,0,1.9535,0,0,0,4.1023498,2001,1.2237755,-9.7674999,.6587916,.90174723,1.1983521,.58190584,.58281207,.9544971,1.7080892,.57004738,2.0958498,2.2980528,2.2288563,1.0841554,2.6119318,-1.1086329,2.4262161,2.3388875,.057816647,2.4536264,-1.2880023,2.825382,.59079635,25,.006737947,,1170.2128,,,,,,,,,,,,,,,,,,,,,,,,,,,,,,,,,,,,,,,,,,,,,,,,,,,,,,,,,,,,,,,,,,,,,,,,,,,,,,,,,,,,,,,,,,,,,,,,,,,,,,,,,,,,,,,,,,,,,,,,,,,,,,,,,,,,,,,,,,,,,,,,,,,,,,,,,,,,,,,,,,,,,,,,,,,,,,,,,,,,,,,,,,,,,,,,,,,,,,,,,,,,,,,,,,,,,,,,,,,,,,,,,,,,,,,,,,,,,,,,,,,,,,,,,,,,,,,,,,,,,,,,,,,,,,,,,,,,,,,,,,,,,,,,,,,,,,,,,,,,,,,,,,,,,,,,,,,,,,,,,,,,,,,,,,,,,,,,,,,,,,,,,,,,,,,,,,,,,,,,,,,,,,,,,,,,,,,,,,0,0,1.2237755,-3.9589772,0,,0,0,1,0,.74193728,5.6083355,0,,,2,,,,2.0999999,-.029999999,1,-.18799999,.15799999,0,0,0,0,-.69314718,75,1,1,1,1,1,5.9135032,.59550041,4.0826483,4.6778398,.070048198,1,1,.66962266,.55415285,-.69314718,-1.1840146,-1.825541,6.1527328,8.6125031,37.856121,,,0,0,0,0,0,0,0,0,0,0,0,1,0
531,2001,ERI,Eritrea,,.74000001,15.81,0,0,,,,,,ERI,55000,49000,2.8,30000,4000,350,3816,1760,128503.3,15.25868,39.17321,.029695736,,,2.8,.029695736,3816,5312001,2,0,304,0,597.73151,-6,1,1,2.7606428,6.6066504,,,,,,1,3,3,0,2.8369999,5.6739998,0,8.5109997,2.09938,2001,1.0296195,-17.021999,3.9480338,1.151071,3.013299,.88732749,1.1608917,.73181915,3.2220504,.26917028,3.0413084,3.2107418,3.1662371,1.990563,3.5320714,1.6919347,6.204133,4.752461,1.2741371,2.5952573,-.27347389,3.7496243,2.6944766,36,.0024787523,,1284.0671,,,,,,,,,,,,,,,,,,,,,,,,,,,,,,,,,,,,,,,,,,,,,,,,,,,,,,,,,,,,,,,,,,,,,,,,,,,,,,,,,,,,,,,,,,,,,,,,,,,,,,,,,,,,,,,,,,,,,,,,,,,,,,,,,,,,,,,,,,,,,,,,,,,,,,,,,,,,,,,,,,,,,,,,,,,,,,,,,,,,,,,,,,,,,,,,,,,,,,,,,,,,,,,,,,,,,,,,,,,,,,,,,,,,,,,,,,,,,,,,,,,,,,,,,,,,,,,,,,,,,,,,,,,,,,,,,,,,,,,,,,,,,,,,,,,,,,,,,,,,,,,,,,,,,,,,,,,,,,,,,,,,,,,,,,,,,,,,,,,,,,,,,,,,,,,,,,,,,,,,,,,,,,,,,,,,,,,,,,3,0,1.0296195,-3.5167518,0,,0,0,1,0,-.30110508,2.7606428,.0020000001,1050,,5.6999998,,,6.9565454,5.5999999,.018999999,1,.0020000001,.016999999,-.90331525,0,306,50,3.9120231,58,1,1,1,1,1,5.857933,-.01639761,3.5546484,4.43223,.08669237,1,1,1.0427471,-.013127685,.69314718,.80702835,.51662976,8.2469578,10.799576,68.012314,,,3,3,3,0,0,0,0,0,2.25,0,0,1,0
530,2001,ETH,Ethiopia,,.69999999,4.3099999,0,1,,,,,,ETH,2100000,1900000,6.4000001,1100000,230000,160000,64459,28952,1135775,8.5620098,39.807671,.056753319,,,6.4000001,.056753319,64459,5302001,114,0,9,0,340.83368,1,1,1,1.4609379,6.5510802,,,,,,3,3,3,1,8.5124998,970.42499,8.5124998,25.537498,5.9587498,2001,1.856298,8.5124998,9.8468056,.94153142,7.775558,.79530162,5.9224958,1.0210599,7.7686405,.64244598,9.1148252,9.0737495,9.1878624,7.81322,9.4429388,8.0014038,11.692207,9.3343496,6.2167668,7.9237733,3.9212184,9.0278349,6.5094466,1,2.7182817,0,2947.6101,,,,,,,,,,,,,,,,,,,,,,,,,,,,,,,,,,,,,,,,,,,,,,,,,,,,,,,,,,,,,,,,,,,,,,,,,,,,,,,,,,,,,,,,,,,,,,,,,,,,,,,,,,,,,,,,,,,,,,,,,,,,,,,,,,,,,,,,,,,,,,,,,,,,,,,,,,,,,,,,,,,,,,,,,,,,,,,,,,,,,,,,,,,,,,,,,,,,,,,,,,,,,,,,,,,,,,,,,,,,,,,,,,,,,,,,,,,,,,,,,,,,,,,,,,,,,,,,,,,,,,,,,,,,,,,,,,,,,,,,,,,,,,,,,,,,,,,,,,,,,,,,,,,,,,,,,,,,,,,,,,,,,,,,,,,,,,,,,,,,,,,,,,,,,,,,,,,,,,,,,,,,,,,,,,,,,,,,,,3,1,1.856298,-2.8690412,0,,0,0,1,,-.35667497,1.4609379,.114,730,,3.5999999,,,6.5930448,3.2,.0080000004,1,.134,-.126,-1.070025,-.35667497,123,47.5,3.8607297,40,1,1,1,1,1,11.982929,-.63890582,2.795449,4.2545524,.074169032,1,1,2.1415358,-.28523779,4.7361984,.46016175,.29329079,11.073785,14.457364,122.62871,,,3,3,0,0,1,1,1,1,1.5,1,0,1,0
420,2001,GMB,"Gambia, The",,1.77,51.060001,0,0,,,,,,GMB,8400,7900,1.6,4400,460,400,1337,647,10013.55,13.45759,-15.29753,.13351908,,,1.6,.13351908,1337,4202001,15,0,0,0,-205.86789,-5,0,0,3.9330015,7.478735,,,,,,0,0,0,0,1.776,26.639999,0,0,3.1435201,2001,.47000363,-8.8800001,.71438402,1.2403461,1.6302515,.42460567,.6708014,.46988007,1.1590784,.25610161,1.9059018,2.1146884,2.0405314,.90205306,2.4270709,-1.7166942,3.1454623,2.4624786,.79802442,1.5917664,-.25016356,1.6610376,.65711921,25,.006737947,,590.87512,,,,,,,,,,,,,,,,,,,,,,,,,,,,,,,,,,,,,,,,,,,,,,,,,,,,,,,,,,,,,,,,,,,,,,,,,,,,,,,,,,,,,,,,,,,,,,,,,,,,,,,,,,,,,,,,,,,,,,,,,,,,,,,,,,,,,,,,,,,,,,,,,,,,,,,,,,,,,,,,,,,,,,,,,,,,,,,,,,,,,,,,,,,,,,,,,,,,,,,,,,,,,,,,,,,,,,,,,,,,,,,,,,,,,,,,,,,,,,,,,,,,,,,,,,,,,,,,,,,,,,,,,,,,,,,,,,,,,,,,,,,,,,,,,,,,,,,,,,,,,,,,,,,,,,,,,,,,,,,,,,,,,,,,,,,,,,,,,,,,,,,,,,,,,,,,,,,,,,,,,,,,,,,,,,,,,,,,,,0,0,.47000363,-2.0135109,0,,0,0,1,0,.57097954,3.9330015,.015,1760,,6.4000001,,,7.4730692,6.3000002,.324,1,.026000001,.29800001,0,0,15,90,4.4998097,37,1,1,1,1,1,5.9914646,.14689532,3.8060803,4.0444527,.048151132,1,1,.57436365,-.10436001,2.7080503,-1.0418071,-2.271868,7.1981835,8.974618,51.813847,,,0,0,0,0,0,0,0,0,0,0,0,1,0
452,2001,GHA,Ghana,,1.98,13.56,0,0,,,,,,GHA,360000,330000,3,170000,34000,28000,19734,9700,235516,7.941534,-1.008413,.083790489,,,3,.083790489,19734,4522001,12,0,10,0,-8.0083456,2,0,0,2.6071243,7.5908523,,,,,,0,0,0,0,3.2985001,39.582001,0,0,6.5310302,2001,1.0986123,6.5970001,3.0148635,.43218201,3.7562838,.3223564,2.2737064,.56013691,3.6262734,.11678509,3.5351732,3.687489,3.6558824,2.4640293,4.0127101,2.1677868,3.8619401,4.3881025,3.1244652,3.3715749,1.1758381,3.8551722,3.3973746,4,7.3890562,.69314718,1672.2408,,,,,,,,,,,,,,,,,,,,,,,,,,,,,,,,,,,,,,,,,,,,,,,,,,,,,,,,,,,,,,,,,,,,,,,,,,,,,,,,,,,,,,,,,,,,,,,,,,,,,,,,,,,,,,,,,,,,,,,,,,,,,,,,,,,,,,,,,,,,,,,,,,,,,,,,,,,,,,,,,,,,,,,,,,,,,,,,,,,,,,,,,,,,,,,,,,,,,,,,,,,,,,,,,,,,,,,,,,,,,,,,,,,,,,,,,,,,,,,,,,,,,,,,,,,,,,,,,,,,,,,,,,,,,,,,,,,,,,,,,,,,,,,,,,,,,,,,,,,,,,,,,,,,,,,,,,,,,,,,,,,,,,,,,,,,,,,,,,,,,,,,,,,,,,,,,,,,,,,,,,,,,,,,,,,,,,,,,,0,0,1.0986123,-2.4794357,0,,0,0,1,0,.68309683,2.6071243,.012,2030,,4.6999998,,,7.6157908,4.3000002,-.0060000001,1,.0089999996,-.015,0,0,22,16,2.7725887,73,1,1,1,1,1,10.23996,.67119569,3.8588603,5.1488171,.054707903,1,1,1.1934679,-.094855547,2.4849067,-.61345428,-1.5757939,9.8900986,12.706848,97.814049,,,0,0,0,0,0,0,0,0,0,0,0,1,0
404,2001,GNB,Guinea-Bissau,,.89999998,11.25,0,0,,,,,,GNB,17000,16000,2.8,9300,15002,1200,1227,557,28226.061,12.07582,-14.64071,.043470465,,,2.8,.043470465,1227,4042001,7,0,0,0,-176.79858,6,0,0,2.4203682,6.8023949,,,,,,0,0,0,0,2.652,18.563999,0,0,2.3867998,2001,1.0296195,15.912,2.8885019,.72060043,3.0413387,.42866328,1.6684895,.6189388,3.1805835,.17637143,2.8433347,3.0196297,2.969955,1.8007663,3.3393993,1.476125,4.3008785,3.8815186,2.2011588,2.8816094,.45536941,3.5262716,2.8348954,36,403.4288,1.7917595,1303.9935,,,,,,,,,,,,,,,,,,,,,,,,,,,,,,,,,,,,,,,,,,,,,,,,,,,,,,,,,,,,,,,,,,,,,,,,,,,,,,,,,,,,,,,,,,,,,,,,,,,,,,,,,,,,,,,,,,,,,,,,,,,,,,,,,,,,,,,,,,,,,,,,,,,,,,,,,,,,,,,,,,,,,,,,,,,,,,,,,,,,,,,,,,,,,,,,,,,,,,,,,,,,,,,,,,,,,,,,,,,,,,,,,,,,,,,,,,,,,,,,,,,,,,,,,,,,,,,,,,,,,,,,,,,,,,,,,,,,,,,,,,,,,,,,,,,,,,,,,,,,,,,,,,,,,,,,,,,,,,,,,,,,,,,,,,,,,,,,,,,,,,,,,,,,,,,,,,,,,,,,,,,,,,,,,,,,,,,,,,0,0,1.0296195,-3.1356735,0,,0,0,1,0,-.10536055,2.4203682,.0070000002,740,,5.9000001,,,6.6066504,6.0999999,.131,1,.0060000001,.125,0,0,7,45,3.8066626,42,1,1,1,1,1,7.0900769,.093436815,3.5216122,4.650413,.031840064,1,1,.97531408,.054305375,1.9459101,-.043097585,-1.4234446,7.1123276,9.6803436,50.585205,,,0,0,0,0,0,0,0,0,0,0,0,1,0
501,2001,KEN,Kenya,,1,15.81,0,0,,,,,,KEN,2500000,2300000,15,1400000,220000,190000,31293,15333,597289.13,.42212299,38.00729,.052391712,,,15,.052391712,31293,5012001,243,0,0,0,16.043751,-2,0,0,2.7606428,6.9077554,,,,,,0,0,0,0,14.473,3516.939,0,0,14.473,2001,2.7080503,-28.945999,19.308762,.80220914,16.295744,.50218272,12.92536,.78832316,14.96646,.18486843,15.493328,15.231174,15.511868,13.928267,15.650626,17.736431,20.881092,17.280022,15.311466,14.470473,11.380246,15.328802,14.604118,4,.13533528,,7349.8867,,,,,,,,,,,,,,,,,,,,,,,,,,,,,,,,,,,,,,,,,,,,,,,,,,,,,,,,,,,,,,,,,,,,,,,,,,,,,,,,,,,,,,,,,,,,,,,,,,,,,,,,,,,,,,,,,,,,,,,,,,,,,,,,,,,,,,,,,,,,,,,,,,,,,,,,,,,,,,,,,,,,,,,,,,,,,,,,,,,,,,,,,,,,,,,,,,,,,,,,,,,,,,,,,,,,,,,,,,,,,,,,,,,,,,,,,,,,,,,,,,,,,,,,,,,,,,,,,,,,,,,,,,,,,,,,,,,,,,,,,,,,,,,,,,,,,,,,,,,,,,,,,,,,,,,,,,,,,,,,,,,,,,,,,,,,,,,,,,,,,,,,,,,,,,,,,,,,,,,,,,,,,,,,,,,,,,,,,,0,0,2.7080503,-2.9490068,0,,0,0,1,0,0,2.7606428,.243,1010,,7.8000002,,,6.9177055,8.6999998,.118,1,.273,-.155,0,0,243,10,2.3025851,83,1,1,1,1,1,12.154779,.91154999,4.0744977,5.1092844,.068435669,1,1,2.6722848,.035765409,5.4930615,1.1927726,.30123183,10.35115,14.648419,107.14629,,,0,0,0,0,0,0,0,0,0,0,0,1,0
570,2001,LSO,Lesotho,,2.45,18.299999,0,0,,,,,,LSO,360000,330000,31,180000,27000,25000,2057,984,30447.949,-29.69117,28.432211,.067557916,,,31,.067557916,2057,5702001,0,0,0,0,-844.18561,0,0,0,2.9069011,7.8038435,,,,,,0,0,0,0,15.9575,0,0,0,39.095879,2001,3.4339871,0,17.952595,.53086859,17.75107,.39934656,14.989431,.73935437,17.14505,.2381411,17.081936,16.764719,17.086903,15.451258,17.196692,16.912092,18.993097,18.533789,16.968351,16.438566,13.540297,17.611807,16.678293,0,1,,16042.78,,,,,,,,,,,,,,,,,,,,,,,,,,,,,,,,,,,,,,,,,,,,,,,,,,,,,,,,,,,,,,,,,,,,,,,,,,,,,,,,,,,,,,,,,,,,,,,,,,,,,,,,,,,,,,,,,,,,,,,,,,,,,,,,,,,,,,,,,,,,,,,,,,,,,,,,,,,,,,,,,,,,,,,,,,,,,,,,,,,,,,,,,,,,,,,,,,,,,,,,,,,,,,,,,,,,,,,,,,,,,,,,,,,,,,,,,,,,,,,,,,,,,,,,,,,,,,,,,,,,,,,,,,,,,,,,,,,,,,,,,,,,,,,,,,,,,,,,,,,,,,,,,,,,,,,,,,,,,,,,,,,,,,,,,,,,,,,,,,,,,,,,,,,,,,,,,,,,,,,,,,,,,,,,,,,,,,,,,,0,0,3.4339871,-2.6947701,0,,0,0,1,1,.89608806,2.9069011,0,2860,,5.5,,,7.9585767,6.0999999,.884,1,.37900001,.505,0,0,0,0,-.69314718,83,1,1,1,1,1,10.126631,.8149991,3.9879179,5.2323275,.06377019,1,1,2.7699289,.66405821,-.69314718,-.50048488,-1.4811522,7.629004,12.706848,58.201702,,,0,0,0,0,0,0,1,0,0,.25,0,1,0
450,2001,LBR,Liberia,,1.1,6.25,0,0,,,,,,LBR,,,9,,,,3108,1518,91042.594,6.4253502,-9.0621414,.034137867,1,,9,.034137867,3108,4502001,60,0,215,0,-58.227432,0,0,0,1.8325815,7.0030656,,,,,,1,1,0,1,5.8994999,353.97,5.8994999,0,6.48945,2001,2.1972246,0,7.8354778,.753923,6.6844134,.31067452,4.7497773,.61100727,6.2749252,.13568974,6.3185782,6.3744211,6.4155064,5.1324692,6.7215757,6.3577886,9.3131666,7.2933354,6.0754914,5.9473515,3.5522032,6.5408773,6.0089731,0,1,,,,,,,,,,,,,,,,,,,,,,,,,,,,,,,,,,,,,,,,,,,,,,,,,,,,,,,,,,,,,,,,,,,,,,,,,,,,,,,,,,,,,,,,,,,,,,,,,,,,,,,,,,,,,,,,,,,,,,,,,,,,,,,,,,,,,,,,,,,,,,,,,,,,,,,,,,,,,,,,,,,,,,,,,,,,,,,,,,,,,,,,,,,,,,,,,,,,,,,,,,,,,,,,,,,,,,,,,,,,,,,,,,,,,,,,,,,,,,,,,,,,,,,,,,,,,,,,,,,,,,,,,,,,,,,,,,,,,,,,,,,,,,,,,,,,,,,,,,,,,,,,,,,,,,,,,,,,,,,,,,,,,,,,,,,,,,,,,,,,,,,,,,,,,,,,,,,,,,,,,,,,,,,,,,,,,,,,,,,,0,1,2.1972246,-3.3773479,0,,0,0,1,0,.095310204,1.8325815,.059999999,,,4.3000002,,,,4.1999998,-.041999999,1,,,0,.095310204,275,40,3.6888795,81,1,1,1,1,1,,1.1567914,3.7446625,4.9554338,.079114653,1,1,1.7748675,.42235708,4.0943446,-.62359464,-1.1480047,8.0417347,,64.669495,,,0,0,0,0,1,0,0,0,0,.25,2548,2548,7.8430638
620,2001,LBY,Libya,,7.5999999,54.5,0,0,,,,,,LBY,7000,7000,.2,1100,,,5408,2952,1618321,26.987619,18.176149,.0033417351,,,.2,.0033417351,5408,6202001,33,0,0,0,490.53101,-7,0,0,3.9982007,8.9359035,,,,,,0,0,0,0,.125,4.125,0,0,.94999999,2001,-1.6094379,-.875,.0089769531,1.9420307,1.5070535,.78159034,-.83375478,.48630643,.85143977,.3522701,.13911898,.40914237,.28884384,-.79175484,.70760238,-3.7974031,3.815357,3.0389705,-.024863577,.11940582,-1.7869154,1.5418892,.16099039,49,.00091188197,,129.43787,,,,,,,,,,,,,,,,,,,,,,,,,,,,,,,,,,,,,,,,,,,,,,,,,,,,,,,,,,,,,,,,,,,,,,,,,,,,,,,,,,,,,,,,,,,,,,,,,,,,,,,,,,,,,,,,,,,,,,,,,,,,,,,,,,,,,,,,,,,,,,,,,,,,,,,,,,,,,,,,,,,,,,,,,,,,,,,,,,,,,,,,,,,,,,,,,,,,,,,,,,,,,,,,,,,,,,,,,,,,,,,,,,,,,,,,,,,,,,,,,,,,,,,,,,,,,,,,,,,,,,,,,,,,,,,,,,,,,,,,,,,,,,,,,,,,,,,,,,,,,,,,,,,,,,,,,,,,,,,,,,,,,,,,,,,,,,,,,,,,,,,,,,,,,,,,,,,,,,,,,,,,,,,,,,,,,,,,,,0,0,-1.6094379,-5.7012653,0,,0,0,1,0,2.0281482,3.9982007,.033,,,2.9000001,,,,2.8,.347,0,,,0,0,33,97,4.5747108,81,1,1,1,1,1,,1.9104893,4.5181231,4.6458073,.087771125,1,1,-2.0794415,.4700036,3.4965076,-1.8887503,-2.7758265,8.5956345,8.8536654,73.884933,,,0,0,0,0,0,0,0,0,0,0,0,1,0
580,2001,MDG,Madagascar,,.87,11.42,0,0,,,,,,MDG,22000,21000,.30000001,12000,1000,,16437,7538,579021.38,-19.43329,46.92276,.028387552,,,.30000001,.028387552,16437,5802001,0,0,0,0,-911.86365,7,0,0,2.4353662,6.7684932,,,,,,0,0,0,0,.2225,0,0,0,.19357499,2001,-1.2039728,1.5575,-.13143429,1.067698,.41475639,.54465681,-.61109352,.64382303,1.0674068,.25682276,.24345654,.50986362,.39228997,-.6917268,.80914575,-2.2241223,1.9612538,1.4822837,-.652771,.65079963,-1.8729867,1.5707794,.56403416,49,1096.6332,1.9459101,127.76054,,,,,,,,,,,,,,,,,,,,,,,,,,,,,,,,,,,,,,,,,,,,,,,,,,,,,,,,,,,,,,,,,,,,,,,,,,,,,,,,,,,,,,,,,,,,,,,,,,,,,,,,,,,,,,,,,,,,,,,,,,,,,,,,,,,,,,,,,,,,,,,,,,,,,,,,,,,,,,,,,,,,,,,,,,,,,,,,,,,,,,,,,,,,,,,,,,,,,,,,,,,,,,,,,,,,,,,,,,,,,,,,,,,,,,,,,,,,,,,,,,,,,,,,,,,,,,,,,,,,,,,,,,,,,,,,,,,,,,,,,,,,,,,,,,,,,,,,,,,,,,,,,,,,,,,,,,,,,,,,,,,,,,,,,,,,,,,,,,,,,,,,,,,,,,,,,,,,,,,,,,,,,,,,,,,,,,,,,,0,0,-1.2039728,-3.5618045,0,,0,0,1,0,-.13926207,2.4353662,0,850,,2,36.629532,,6.7452364,2.4000001,-.60699999,1,-.426,-.18099999,0,0,0,7,1.9459101,67,1,1,1,1,1,,.54970026,3.6933587,5.2044888,.044140857,1,1,-1.5028282,.29885542,-.69314718,-1.087878,-1.9472545,9.7072897,9.9522781,94.231476,,,0,0,0,0,0,0,0,0,0,0,0,1,0
553,2001,MWI,Malawi,,.66000003,12.57,0,0,,,,,,MWI,850000,780000,15,440000,65000,80000,11572,5118,110956.3,-13.52912,34.490261,.10429332,,,15,.10429332,11572,5532001,0,0,0,0,-466.62289,7,0,0,2.5313129,6.49224,,,,,,0,0,0,0,15.482,0,0,0,10.218121,2001,2.7080503,108.374,18.749844,1.3415737,17.008297,.70771211,13.678406,.72430831,14.711874,.35364035,16.57309,16.27351,16.582403,14.963428,16.701471,16.120359,21.379328,18.395412,15.621181,15.09805,12.258761,15.405009,14.018739,49,1096.6332,1.9459101,6740.4077,,,,,,,,,,,,,,,,,,,,,,,,,,,,,,,,,,,,,,,,,,,,,,,,,,,,,,,,,,,,,,,,,,,,,,,,,,,,,,,,,,,,,,,,,,,,,,,,,,,,,,,,,,,,,,,,,,,,,,,,,,,,,,,,,,,,,,,,,,,,,,,,,,,,,,,,,,,,,,,,,,,,,,,,,,,,,,,,,,,,,,,,,,,,,,,,,,,,,,,,,,,,,,,,,,,,,,,,,,,,,,,,,,,,,,,,,,,,,,,,,,,,,,,,,,,,,,,,,,,,,,,,,,,,,,,,,,,,,,,,,,,,,,,,,,,,,,,,,,,,,,,,,,,,,,,,,,,,,,,,,,,,,,,,,,,,,,,,,,,,,,,,,,,,,,,,,,,,,,,,,,,,,,,,,,,,,,,,,,0,0,2.7080503,-2.2605481,0,,0,0,1,0,-.41551539,2.5313129,0,560,,7.8000002,,,6.3279366,8.1999998,.36199999,1,.41,-.048000008,0,0,0,20,2.9957323,61,1,1,1,1,1,11.289782,.38181585,3.6024165,5.178793,.038424939,1,1,2.7396781,-.031627893,-.69314718,.21824233,-1.1533026,9.3563433,13.567049,87.541161,,,0,0,0,0,0,0,0,0,0,0,0,1,0
432,2001,MLI,Mali,,.83999997,12.77,0,0,,,,,,MLI,110000,100000,1.7,54000,13000,11000,11677,5096,1249355,17.32995,-3.3102059,.0093464227,,,1.7,.0093464227,11677,4322001,9,0,0,0,-57.365704,6,0,0,2.5470986,6.7334018,,,,,,0,0,0,0,1.8640001,16.776001,0,0,1.56576,2001,.53062826,11.184,2.3922901,1.2449635,2.2779019,.47742388,.99452293,.62003422,2.596673,.22454301,2.0000732,2.2055957,2.1338983,.99233484,2.5187204,-.047838397,4.8324184,3.2136526,1.342151,2.20979,-.22074413,3.0367773,2.1565688,36,403.4288,1.7917595,856.38434,,,,,,,,,,,,,,,,,,,,,,,,,,,,,,,,,,,,,,,,,,,,,,,,,,,,,,,,,,,,,,,,,,,,,,,,,,,,,,,,,,,,,,,,,,,,,,,,,,,,,,,,,,,,,,,,,,,,,,,,,,,,,,,,,,,,,,,,,,,,,,,,,,,,,,,,,,,,,,,,,,,,,,,,,,,,,,,,,,,,,,,,,,,,,,,,,,,,,,,,,,,,,,,,,,,,,,,,,,,,,,,,,,,,,,,,,,,,,,,,,,,,,,,,,,,,,,,,,,,,,,,,,,,,,,,,,,,,,,,,,,,,,,,,,,,,,,,,,,,,,,,,,,,,,,,,,,,,,,,,,,,,,,,,,,,,,,,,,,,,,,,,,,,,,,,,,,,,,,,,,,,,,,,,,,,,,,,,,,0,0,.53062826,-4.6727614,0,,0,0,1,0,-.17435342,2.5470986,.0089999996,880,,4.3000002,,,6.779922,4.6999998,.133,1,.033,.1,0,0,9,90,4.4998097,28,1,1,1,1,1,9.3056507,.24233338,3.5496109,4.2558026,.02952403,1,1,.62272477,-.092096508,2.1972246,-.64877915,-2.0801113,9.3653765,11.512925,87.710274,,,0,0,0,0,0,0,0,0,0,0,0,1,0
435,2001,MRT,Mauritania,,1.8,13.88,0,0,,,,,,MRT,,,1.8,,,,2747,1268,1022853,20.27244,-10.07208,.0026856253,1,,1.8,.0026856253,2747,4352001,25,0,45,0,-204.18562,-6,0,0,2.6304491,7.495542,,,,,,0,0,0,0,1.1624999,29.062498,0,0,2.0924997,2001,.58778661,-6.9749994,2.3446209,1.369626,1.6162674,.43380663,.48069379,.37426883,1.1142646,.21230966,1.2493776,1.4809194,1.3896165,.27264586,1.7881283,-.3398461,5.029088,2.4665284,.76600647,1.2142607,-.25287312,1.5303916,.6981377,36,.0024787523,,,,,,,,,,,,,,,,,,,,,,,,,,,,,,,,,,,,,,,,,,,,,,,,,,,,,,,,,,,,,,,,,,,,,,,,,,,,,,,,,,,,,,,,,,,,,,,,,,,,,,,,,,,,,,,,,,,,,,,,,,,,,,,,,,,,,,,,,,,,,,,,,,,,,,,,,,,,,,,,,,,,,,,,,,,,,,,,,,,,,,,,,,,,,,,,,,,,,,,,,,,,,,,,,,,,,,,,,,,,,,,,,,,,,,,,,,,,,,,,,,,,,,,,,,,,,,,,,,,,,,,,,,,,,,,,,,,,,,,,,,,,,,,,,,,,,,,,,,,,,,,,,,,,,,,,,,,,,,,,,,,,,,,,,,,,,,,,,,,,,,,,,,,,,,,,,,,,,,,,,,,,,,,,,,,,,,,,,,,,0,0,.58778661,-5.9198418,0,,0,0,1,0,.58778661,2.6304491,.025,1870,,3.5999999,,,7.5336938,3.7,.207,1,.204,.0030000061,0,0,70,100,4.6051702,41,1,1,1,1,1,,.69608307,4.0737305,3.7904377,.061611388,1,1,.15057278,.43721384,3.2188759,-.53094518,-1.5621706,7.9182649,,62.698917,,,0,0,0,0,0,0,0,0,0,0,0,1,0
590,2001,MUS,Mauritius,,10.8,27.91,0,0,,,,,,,700,700,.1,350,100,100,1171,667,2040,-20.17,57.330002,.57401961,,,.1,.57401961,1171,5902001,0,0,0,0,-1156.3462,10,0,0,3.328985,9.2873011,,,,,,0,0,0,0,.088500001,0,0,0,.9558,2001,-2.3025851,.88499999,-10.258265,9.2350645,.36970672,1.4240253,-2.4770772,.96188784,.25942513,.3871043,.10005928,.37143648,.25011787,-.82920122,.66958869,-28.358992,7.8424621,3.1607964,-2.4213829,-.59177709,-4.3623772,1.0181496,-.49929929,100,22026.465,2.3025851,59.777969,,,,,,,,,,,,,,,,,,,,,,,,,,,,,,,,,,,,,,,,,,,,,,,,,,,,,,,,,,,,,,,,,,,,,,,,,,,,,,,,,,,,,,,,,,,,,,,,,,,,,,,,,,,,,,,,,,,,,,,,,,,,,,,,,,,,,,,,,,,,,,,,,,,,,,,,,,,,,,,,,,,,,,,,,,,,,,,,,,,,,,,,,,,,,,,,,,,,,,,,,,,,,,,,,,,,,,,,,,,,,,,,,,,,,,,,,,,,,,,,,,,,,,,,,,,,,,,,,,,,,,,,,,,,,,,,,,,,,,,,,,,,,,,,,,,,,,,,,,,,,,,,,,,,,,,,,,,,,,,,,,,,,,,,,,,,,,,,,,,,,,,,,,,,,,,,,,,,,,,,,,,,,,,,,,,,,,,,,,0,0,-2.3025851,-.55509174,0,,0,0,1,0,2.3795462,3.328985,0,10350,,3.4000001,,,9.2447414,3.3,-.745,1,-.48500001,-.25999999,0,0,0,16.6,2.8094027,85,1,1,1,1,1,4.6051702,1.0114017,3.7044399,6.0110826,.04441715,1,1,-2.4247527,.12216759,-.69314718,-3.1395037,-4.4472671,7.0656133,6.5510802,49.92289,,,0,0,0,0,0,0,0,0,0,0,0,1,0
600,2001,MAR,Morocco,,3.7,18.389999,0,0,,,,,,MAR,13000,13000,.1,2000,,,30430,16373,411474.09,31.82548,-6.1038971,.073953621,,,.1,.073953621,30430,6002001,0,0,0,0,-194.25945,-6,0,0,2.9118071,8.2160883,,,,,,0,0,0,0,.066500001,0,0,0,.24605,2001,-2.3025851,-.39899999,-.46207729,.65312046,.52158934,.459647,-.81520033,.38829064,-.13304985,.25354373,.076516442,.34870964,.22677618,-.85177165,.6466763,-1.7421933,.81803882,1.4224975,-.37931877,-.054150667,-1.57625,.36389586,-.62999558,36,.0024787523,,42.721001,,,,,,,,,,,,,,,,,,,,,,,,,,,,,,,,,,,,,,,,,,,,,,,,,,,,,,,,,,,,,,,,,,,,,,,,,,,,,,,,,,,,,,,,,,,,,,,,,,,,,,,,,,,,,,,,,,,,,,,,,,,,,,,,,,,,,,,,,,,,,,,,,,,,,,,,,,,,,,,,,,,,,,,,,,,,,,,,,,,,,,,,,,,,,,,,,,,,,,,,,,,,,,,,,,,,,,,,,,,,,,,,,,,,,,,,,,,,,,,,,,,,,,,,,,,,,,,,,,,,,,,,,,,,,,,,,,,,,,,,,,,,,,,,,,,,,,,,,,,,,,,,,,,,,,,,,,,,,,,,,,,,,,,,,,,,,,,,,,,,,,,,,,,,,,,,,,,,,,,,,,,,,,,,,,,,,,,,,,0,0,-2.3025851,-2.6043172,0,,0,0,1,0,1.3083328,2.9118071,0,3630,,5.0999999,,,,4.6999998,.66299999,0,.903,-.24000001,0,0,0,98.699997,4.5920849,50,1,1,1,1,1,,.68832844,4.0210981,4.2423072,.059924513,1,1,-2.7105534,.40796828,-.69314718,-2.0495334,-3.2030704,10.323184,9.4727049,106.56813,,,0,0,0,0,0,0,0,0,0,0,0,1,0
541,2001,MOZ,Mozambique,,.89999998,11.43,0,0,,,,,,MOZ,1100000,1000000,13,630000,80000,60000,18644,5811,781072.63,-17.2915,35.73423,.02386974,,,13,.02386974,18644,5412001,5,0,0,0,-617.89844,6,0,0,2.4362414,6.8023949,,,,,,0,0,0,0,13.109,65.544998,0,0,11.7981,2001,2.5649493,78.653999,16.670382,.95341021,14.705335,.53405613,11.714244,.67746079,13.129722,.2221791,14.033673,13.82211,14.064684,12.5289,14.230061,14.801698,18.539066,15.752085,13.658585,13.042067,10.386421,13.565192,12.694251,36,403.4288,1.7917595,5363.6558,,,,,,,,,,,,,,,,,,,,,,,,,,,,,,,,,,,,,,,,,,,,,,,,,,,,,,,,,,,,,,,,,,,,,,,,,,,,,,,,,,,,,,,,,,,,,,,,,,,,,,,,,,,,,,,,,,,,,,,,,,,,,,,,,,,,,,,,,,,,,,,,,,,,,,,,,,,,,,,,,,,,,,,,,,,,,,,,,,,,,,,,,,,,,,,,,,,,,,,,,,,,,,,,,,,,,,,,,,,,,,,,,,,,,,,,,,,,,,,,,,,,,,,,,,,,,,,,,,,,,,,,,,,,,,,,,,,,,,,,,,,,,,,,,,,,,,,,,,,,,,,,,,,,,,,,,,,,,,,,,,,,,,,,,,,,,,,,,,,,,,,,,,,,,,,,,,,,,,,,,,,,,,,,,,,,,,,,,,0,0,2.5649493,-3.7351437,0,,0,0,1,0,-.10536055,2.4362414,.0049999999,940,,5.9000001,,,6.84588,5.6999998,.352,1,.38,-.027999997,0,0,5,20,2.9957323,45,1,1,1,1,1,11.0021,-.018385012,3.5186229,4.6524348,.033303522,1,1,2.5732989,-.0083496571,1.6094379,.5819506,-.78574502,9.8332796,13.815511,96.69339,,,0,0,0,0,0,0,0,0,0,0,0,1,0
565,2001,NAM,Namibia,,4.5,40.619999,0,0,,,,,,NAM,230000,200000,22.5,110000,30000,13000,1788,820,802492.13,-22.104139,17.411169,.0022280593,,,22.5,.0022280593,1788,5652001,31,0,0,0,-384.85892,6,0,0,3.7042606,8.4118328,,,,,,2,0,0,0,21.0215,651.6665,0,0,94.596748,2001,3.1135154,126.129,21.49473,1.3566394,22.371666,.54863709,20.028753,.99773383,23.108274,.26640871,22.501066,21.996023,22.459734,20.646559,22.470699,18.835716,24.153744,23.446995,21.296337,21.984312,18.073195,23.630436,22.586113,36,403.4288,1.7917595,11185.683,,,,,,,,,,,,,,,,,,,,,,,,,,,,,,,,,,,,,,,,,,,,,,,,,,,,,,,,,,,,,,,,,,,,,,,,,,,,,,,,,,,,,,,,,,,,,,,,,,,,,,,,,,,,,,,,,,,,,,,,,,,,,,,,,,,,,,,,,,,,,,,,,,,,,,,,,,,,,,,,,,,,,,,,,,,,,,,,,,,,,,,,,,,,,,,,,,,,,,,,,,,,,,,,,,,,,,,,,,,,,,,,,,,,,,,,,,,,,,,,,,,,,,,,,,,,,,,,,,,,,,,,,,,,,,,,,,,,,,,,,,,,,,,,,,,,,,,,,,,,,,,,,,,,,,,,,,,,,,,,,,,,,,,,,,,,,,,,,,,,,,,,,,,,,,,,,,,,,,,,,,,,,,,,,,,,,,,,,,0,3,3.1135154,-6.1066241,0,,0,0,1,0,1.5040774,3.7042606,.030999999,6250,,7,,,8.7403364,6.9000001,.59600002,1,.56599998,.030000031,0,0,31,0,-.69314718,83,1,1,1,1,1,9.4727049,1.1907136,3.9889014,5.3091846,.060985543,1,1,3.0455458,.067969561,3.4339871,1.2159653,-.3352685,7.488853,12.206073,56.08292,,,0,0,0,0,0,0,0,0,0,0,0,1,0
436,2001,NER,Niger,,.81999999,6.8699999,0,0,,,,,,NER,,,4,,,,11227,4831,1182223,17.421631,9.5793304,.0094965165,1,,4,.0094965165,11227,4362001,1,0,0,0,166.88756,4,0,0,1.9271641,6.7093043,,,,,,0,0,0,0,2.6754999,2.6754999,0,0,2.1939099,2001,1.3862944,10.702,3.6006534,1.208593,3.2098687,.42862919,1.8447073,.55483091,3.2324381,.17442225,2.8684826,3.0439062,2.9948881,1.8248756,3.3638737,1.2318112,5.9694958,4.0499821,2.3697555,2.9321759,.75723869,3.5743058,2.8905704,16,54.598148,1.3862944,,,,,,,,,,,,,,,,,,,,,,,,,,,,,,,,,,,,,,,,,,,,,,,,,,,,,,,,,,,,,,,,,,,,,,,,,,,,,,,,,,,,,,,,,,,,,,,,,,,,,,,,,,,,,,,,,,,,,,,,,,,,,,,,,,,,,,,,,,,,,,,,,,,,,,,,,,,,,,,,,,,,,,,,,,,,,,,,,,,,,,,,,,,,,,,,,,,,,,,,,,,,,,,,,,,,,,,,,,,,,,,,,,,,,,,,,,,,,,,,,,,,,,,,,,,,,,,,,,,,,,,,,,,,,,,,,,,,,,,,,,,,,,,,,,,,,,,,,,,,,,,,,,,,,,,,,,,,,,,,,,,,,,,,,,,,,,,,,,,,,,,,,,,,,,,,,,,,,,,,,,,,,,,,,,,,,,,,,,,0,0,1.3862944,-4.6568303,0,,0,0,1,0,-.19845095,1.9271641,.001,790,,3.7,,,6.6720328,3.5999999,.0060000001,1,.034000002,-.028000001,0,0,1,80,4.3820267,17,1,1,1,1,1,,-.24255465,3.4542093,3.8906305,.025299026,1,1,.98413622,.40215814,0,-.59349275,-1.9903044,9.3260765,,86.9757,,,0,0,0,0,0,0,0,1,0,.25,0,1,0
475,2001,NGA,Nigeria,,.83999997,32.110001,0,0,,,,,,NGA,3500000,3200000,5.8000002,1700000,270000,170000,116929,53346,908399.13,9.584548,8.2837353,.12871985,,,5.8000002,.12871985,116929,4752001,7,0,0,0,79.395859,4,0,0,3.4691675,6.7334018,,,,,,0,0,0,0,5.4280005,37.996002,0,0,4.5595202,2001,1.7578579,21.712002,5.1911845,1.2371601,5.7023721,.38632092,4.1071997,.6338402,5.2512097,.12979938,5.814013,5.8873444,5.9152522,4.6487441,6.2305231,2.7663507,7.6160183,6.4595609,4.9451833,5.3495264,2.8648729,5.5056167,4.9968028,16,54.598148,1.3862944,2736.7034,,,,,,,,,,,,,,,,,,,,,,,,,,,,,,,,,,,,,,,,,,,,,,,,,,,,,,,,,,,,,,,,,,,,,,,,,,,,,,,,,,,,,,,,,,,,,,,,,,,,,,,,,,,,,,,,,,,,,,,,,,,,,,,,,,,,,,,,,,,,,,,,,,,,,,,,,,,,,,,,,,,,,,,,,,,,,,,,,,,,,,,,,,,,,,,,,,,,,,,,,,,,,,,,,,,,,,,,,,,,,,,,,,,,,,,,,,,,,,,,,,,,,,,,,,,,,,,,,,,,,,,,,,,,,,,,,,,,,,,,,,,,,,,,,,,,,,,,,,,,,,,,,,,,,,,,,,,,,,,,,,,,,,,,,,,,,,,,,,,,,,,,,,,,,,,,,,,,,,,,,,,,,,,,,,,,,,,,,,0,0,1.7578579,-2.050117,0,,0,0,1,0,-.17435342,3.4691675,.0070000002,810,,3.4000001,,,6.6970344,3,.0049999999,1,.012,-.0070000002,0,0,7,50,3.9120231,65,1,1,1,1,1,12.043553,.75935262,3.7870347,5.140666,.047682337,1,1,1.6915709,.066287041,1.9459101,-1.719744,-2.57763,11.669322,14.978662,136.17308,,,0,0,0,0,0,0,0,0,0,0,0,1,0
517,2001,RWA,Rwanda,,1,4.29,1,1,,,,,,RWA,500000,430000,8.8999996,250000,65000,49000,7949,3756,27283.811,-2.075834,30.07077,.29134494,,,8.8999996,.29134494,7949,5172001,35,0,52,0,-62.421928,-4,0,1,1.4562867,6.9077554,,,,,,2,2,0,2,10.0555,351.9425,20.111,0,10.0555,2001,2.1860511,-40.222,9.462513,3.8892393,10.338112,.75742549,7.8376932,.84405977,9.3606491,.22186738,10.766034,10.667728,10.824964,9.3962278,11.049929,1.8396039,17.085423,11.822666,8.8535576,9.4920502,6.1833363,9.7955093,8.9257889,16,.018315639,,5409.4854,,,,,,,,,,,,,,,,,,,,,,,,,,,,,,,,,,,,,,,,,,,,,,,,,,,,,,,,,,,,,,,,,,,,,,,,,,,,,,,,,,,,,,,,,,,,,,,,,,,,,,,,,,,,,,,,,,,,,,,,,,,,,,,,,,,,,,,,,,,,,,,,,,,,,,,,,,,,,,,,,,,,,,,,,,,,,,,,,,,,,,,,,,,,,,,,,,,,,,,,,,,,,,,,,,,,,,,,,,,,,,,,,,,,,,,,,,,,,,,,,,,,,,,,,,,,,,,,,,,,,,,,,,,,,,,,,,,,,,,,,,,,,,,,,,,,,,,,,,,,,,,,,,,,,,,,,,,,,,,,,,,,,,,,,,,,,,,,,,,,,,,,,,,,,,,,,,,,,,,,,,,,,,,,,,,,,,,,,,0,5,2.1860511,-1.2332474,0,,0,0,1,0,0,1.4562867,.035,1150,,5.5,,,7.0475173,5.5999999,.126,1,.336,-.20999999,0,0,87,10,2.3025851,68,1,1,1,1,1,10.799576,.12535965,3.1814008,4.3667927,.083341859,1,1,2.3081198,-.12206864,3.5553482,-.23883897,-.53739983,8.9808016,12.97154,80.6548,,,0,0,0,0,2,2,3,0,0,1.75,21656,21656,9.9830379
433,2001,SEN,Senegal,,1.58,14.2,0,1,,,,,,SEN,27000,24000,.5,14000,2900,2500,9662,4521,211298.5,14.45408,-14.23445,.04572678,,,.5,.04572678,9662,4332001,43,0,11,0,-205.74588,8,0,1,2.6532419,7.36518,,,,,,1,2,0,2,1.135,48.805,2.27,0,1.7933,2001,-.69314718,9.0799999,.88139564,.81397706,1.4663215,.59148288,.27230051,.73043907,2.2530899,.36369196,1.2199491,1.452511,1.3604395,.24443291,1.759488,-.71399939,2.4767907,2.625628,.30701503,1.7039611,-1.1593601,2.9659262,1.5402536,64,2980.958,2.0794415,248.39578,,,,,,,,,,,,,,,,,,,,,,,,,,,,,,,,,,,,,,,,,,,,,,,,,,,,,,,,,,,,,,,,,,,,,,,,,,,,,,,,,,,,,,,,,,,,,,,,,,,,,,,,,,,,,,,,,,,,,,,,,,,,,,,,,,,,,,,,,,,,,,,,,,,,,,,,,,,,,,,,,,,,,,,,,,,,,,,,,,,,,,,,,,,,,,,,,,,,,,,,,,,,,,,,,,,,,,,,,,,,,,,,,,,,,,,,,,,,,,,,,,,,,,,,,,,,,,,,,,,,,,,,,,,,,,,,,,,,,,,,,,,,,,,,,,,,,,,,,,,,,,,,,,,,,,,,,,,,,,,,,,,,,,,,,,,,,,,,,,,,,,,,,,,,,,,,,,,,,,,,,,,,,,,,,,,,,,,,,,0,2,-.69314718,-3.0850711,0,,0,0,1,0,.45742488,2.6532419,.043000001,1540,,4.8000002,,,7.3395376,4.5999999,.41800001,1,.037,.38100001,0,.91484976,54,84,4.4308167,38,1,1,1,1,1,7.8240461,.26095778,2.8194287,4.28299,.053173468,1,1,.12663265,-.81977981,3.7612002,-1.468325,-2.6122656,9.1759558,10.085809,84.198166,,,0,0,0,0,2,2,2,2,0,2,2457,2457,7.8066964
451,2001,SLE,Sierra Leone,,.5,7.7800002,0,0,,,,,,SLE,170000,150000,7,90000,16000,11000,4587,2093,69097.906,8.5422449,-11.50973,.06638407,,,7,.06638407,4587,4512001,15,0,179,0,-98.318939,0,0,1,2.0515563,6.2146082,,,,,,1,2,0,0,4.994,74.909996,0,0,2.497,2001,1.9459101,0,6.2197738,.50281215,5.575295,.3527295,4.0023556,.50367916,4.9390235,.12991047,5.3495765,5.4390054,5.4547834,4.2034907,5.7785239,5.234262,7.2052855,6.266645,4.883945,4.9895668,3.0151443,5.1936479,4.6843991,0,1,,3270.1111,,,,,,,,,,,,,,,,,,,,,,,,,,,,,,,,,,,,,,,,,,,,,,,,,,,,,,,,,,,,,,,,,,,,,,,,,,,,,,,,,,,,,,,,,,,,,,,,,,,,,,,,,,,,,,,,,,,,,,,,,,,,,,,,,,,,,,,,,,,,,,,,,,,,,,,,,,,,,,,,,,,,,,,,,,,,,,,,,,,,,,,,,,,,,,,,,,,,,,,,,,,,,,,,,,,,,,,,,,,,,,,,,,,,,,,,,,,,,,,,,,,,,,,,,,,,,,,,,,,,,,,,,,,,,,,,,,,,,,,,,,,,,,,,,,,,,,,,,,,,,,,,,,,,,,,,,,,,,,,,,,,,,,,,,,,,,,,,,,,,,,,,,,,,,,,,,,,,,,,,,,,,,,,,,,,,,,,,,,0,2,1.9459101,-2.7122982,0,,0,0,1,1,-.69314718,2.0515563,.015,480,,4.3000002,,,6.1737862,4.3000002,-.056000002,1,-.0089999996,-.047000002,0,0,194,60,4.0943446,36,1,1,1,1,1,9.3056507,-.064709678,3.6256375,4.224618,.038431313,1,1,1.6082371,.33767295,2.7080503,-.41759589,-1.3510854,8.4309816,11.91839,71.081451,,,0,0,0,0,0,3,3,2,0,2,92330,92330,11.433125
520,2001,SOM,Somalia,,.55000001,12.2,0,0,,,,,,SOM,43000,43000,1,,,,9157,4015,639620.63,6.04322,46.058849,.014316299,,,1,.014316299,9157,5202001,0,0,227,0,278.34375,0,0,0,2.501436,6.3099184,,,,,,0,0,0,0,.81300002,0,0,0,.44715002,2001,0,0,1.4340329,1.2207577,.99213606,.44212759,.092610426,.45252302,.97563863,.12256249,.8753677,1.1198727,1.018802,-.085916027,1.4241344,-.9586522,3.8267181,1.8587061,.12556599,.97955555,-.79433471,1.2158611,.73541617,0,1,,469.58612,,,,,,,,,,,,,,,,,,,,,,,,,,,,,,,,,,,,,,,,,,,,,,,,,,,,,,,,,,,,,,,,,,,,,,,,,,,,,,,,,,,,,,,,,,,,,,,,,,,,,,,,,,,,,,,,,,,,,,,,,,,,,,,,,,,,,,,,,,,,,,,,,,,,,,,,,,,,,,,,,,,,,,,,,,,,,,,,,,,,,,,,,,,,,,,,,,,,,,,,,,,,,,,,,,,,,,,,,,,,,,,,,,,,,,,,,,,,,,,,,,,,,,,,,,,,,,,,,,,,,,,,,,,,,,,,,,,,,,,,,,,,,,,,,,,,,,,,,,,,,,,,,,,,,,,,,,,,,,,,,,,,,,,,,,,,,,,,,,,,,,,,,,,,,,,,,,,,,,,,,,,,,,,,,,,,,,,,,,0,0,0,-4.2463565,0,,0,0,1,1,-.59783697,2.501436,0,,,2.5999999,,,,2.5999999,-.138,1,,,0,0,227,100,4.6051702,38,1,1,1,1,1,,.54351538,3.8156047,4.185092,.045817144,1,1,-.20702414,.20702414,-.69314718,-1.6906649,-2.6255703,9.1222734,10.668956,83.215874,,,0,0,0,0,0,0,0,0,0,0,51333,51333,10.846089
560,2001,ZAF,South Africa,,9.3999996,14.66,0,0,,,,,,ZAF,5000000,4700000,20.1,2700000,250000,360000,43792,23666,1226429,-29.0511,25.219481,.035706919,,,20.1,.035706919,43792,5602001,22,0,0,0,-732.65363,9,0,0,2.6851227,9.1484652,,,,,,0,0,0,0,20.021,440.46201,0,0,188.19739,2001,3.0007198,180.189,12.750016,2.0336833,19.879656,.96451706,19.858614,1.3393046,24.681211,.87941068,21.430403,20.962469,21.398216,19.620117,21.428707,8.7639971,16.736036,21.770109,17.989202,22.48365,17.233578,26.404856,22.957567,81,8103.084,2.1972246,10732.554,,,,,,,,,,,,,,,,,,,,,,,,,,,,,,,,,,,,,,,,,,,,,,,,,,,,,,,,,,,,,,,,,,,,,,,,,,,,,,,,,,,,,,,,,,,,,,,,,,,,,,,,,,,,,,,,,,,,,,,,,,,,,,,,,,,,,,,,,,,,,,,,,,,,,,,,,,,,,,,,,,,,,,,,,,,,,,,,,,,,,,,,,,,,,,,,,,,,,,,,,,,,,,,,,,,,,,,,,,,,,,,,,,,,,,,,,,,,,,,,,,,,,,,,,,,,,,,,,,,,,,,,,,,,,,,,,,,,,,,,,,,,,,,,,,,,,,,,,,,,,,,,,,,,,,,,,,,,,,,,,,,,,,,,,,,,,,,,,,,,,,,,,,,,,,,,,,,,,,,,,,,,,,,,,,,,,,,,,,0,0,3.0007198,-3.3324108,0,,0,0,1,0,2.2407095,2.6851227,.022,9550,,8.6000004,,,9.1642962,8.6999998,.77899998,1,.63800001,.14099997,0,0,22,2,.69314718,86,1,1,1,1,1,12.793859,1.1141875,3.8276863,5.7557325,.05181684,1,1,2.9967818,.0039379597,3.0910425,.41018859,-1.3633133,10.687206,15.363073,114.21638,,,0,0,0,0,0,0,0,0,0,0,0,1,0
625,2001,SDN,Sudan,,1.36,7.5100002,1,1,,,,,,SDN,450000,41000,2.5999999,230000,30000,23000,31809,15496,2507269,13.76948,30.21578,.012686712,,,2.5999999,.012686712,31809,6252001,307,0,439,0,416.05557,-7,1,1,2.0162356,7.21524,,,,,,1,3,0,3,1.793,550.45099,5.3789997,0,2.4384799,2001,.95551139,-12.551,4.7287588,1.5420835,2.0152261,.72697294,.6860227,.58474845,1.7899544,.29089791,1.924094,2.1322501,2.0585682,.91949385,2.4447758,1.7062751,7.7512426,3.440093,.59035915,1.8321296,-.46008426,2.3601143,1.2197945,49,.00091188197,,128.89433,,,,,,,,,,,,,,,,,,,,,,,,,,,,,,,,,,,,,,,,,,,,,,,,,,,,,,,,,,,,,,,,,,,,,,,,,,,,,,,,,,,,,,,,,,,,,,,,,,,,,,,,,,,,,,,,,,,,,,,,,,,,,,,,,,,,,,,,,,,,,,,,,,,,,,,,,,,,,,,,,,,,,,,,,,,,,,,,,,,,,,,,,,,,,,,,,,,,,,,,,,,,,,,,,,,,,,,,,,,,,,,,,,,,,,,,,,,,,,,,,,,,,,,,,,,,,,,,,,,,,,,,,,,,,,,,,,,,,,,,,,,,,,,,,,,,,,,,,,,,,,,,,,,,,,,,,,,,,,,,,,,,,,,,,,,,,,,,,,,,,,,,,,,,,,,,,,,,,,,,,,,,,,,,,,,,,,,,,,0,3,.95551139,-4.3672004,0,,0,0,1,0,.30748472,2.0162356,.30700001,1700,,3.5,,,7.4383836,3.9000001,-.018999999,1,,,0,.92245412,746,70,4.2484951,59,1,1,1,1,1,10.043249,.61602455,3.0962634,3.595571,.10616028,1,1,.5838902,.37162119,5.7268476,-.75146711,-.88039953,10.367504,10.621327,107.48514,,,0,0,0,0,3,3,3,3,0,3,5184,5184,8.5533323
572,2001,SWZ,Swaziland,,4.1999998,33.740002,0,0,,,,,,SWZ,170000,150000,33.400002,89000,14000,12000,938,450,17183.699,-26.652281,31.703911,.054586615,,,33.400002,.054586615,938,5722001,1,0,0,0,-844.98151,-9,0,0,3.5186841,8.3428402,,,,,,0,0,0,0,29.324501,29.324501,0,0,123.1629,2001,3.5085559,-263.9205,29.984035,1.7270149,32.536007,1.2031668,29.918226,1.3441684,35.59874,1.3584248,31.386349,30.573341,31.2691,29.164845,31.118032,26.599087,33.368984,34.894215,30.177799,32.552795,27.283657,38.261253,32.936226,81,.0001234098,,15991.472,,,,,,,,,,,,,,,,,,,,,,,,,,,,,,,,,,,,,,,,,,,,,,,,,,,,,,,,,,,,,,,,,,,,,,,,,,,,,,,,,,,,,,,,,,,,,,,,,,,,,,,,,,,,,,,,,,,,,,,,,,,,,,,,,,,,,,,,,,,,,,,,,,,,,,,,,,,,,,,,,,,,,,,,,,,,,,,,,,,,,,,,,,,,,,,,,,,,,,,,,,,,,,,,,,,,,,,,,,,,,,,,,,,,,,,,,,,,,,,,,,,,,,,,,,,,,,,,,,,,,,,,,,,,,,,,,,,,,,,,,,,,,,,,,,,,,,,,,,,,,,,,,,,,,,,,,,,,,,,,,,,,,,,,,,,,,,,,,,,,,,,,,,,,,,,,,,,,,,,,,,,,,,,,,,,,,,,,,,0,0,3.5085559,-2.9079666,0,,0,0,1,0,1.4350845,3.5186841,.001,4600,,3.3,,,8.4338112,3.4000001,.83499998,1,.62699997,.208,0,0,1,10,2.3025851,80,1,1,1,1,1,9.392662,.71231854,4.2159815,4.6540298,.078416705,1,1,3.3784235,.13013244,0,-1.1505706,-1.7553226,6.84375,11.91839,46.836914,,,0,0,0,0,0,0,0,0,0,0,0,1,0
510,2001,TZA,Tanzania,,.61000001,10.76,0,0,,,,,,TZA,1500000,1300000,7.8000002,750000,170000,140000,35965,16701,944552.19,-6.3960829,34.995441,.038076244,,,7.8000002,.038076244,35965,5102001,498,0,0,0,-223.83374,2,0,0,2.3758357,6.4134588,,,,,,0,0,0,0,7.9475002,3957.8552,0,0,4.8479753,2001,2.0541236,15.895,12.562848,1.4205749,8.652956,.81024665,5.7949739,.92732936,7.8930402,.24609229,8.5102024,8.4900837,8.5884056,7.2335706,8.8545084,9.7785215,15.347175,10.241039,7.0648727,7.6125393,3.9774084,8.3753815,7.4106994,4,7.3890562,.69314718,3614.6252,,,,,,,,,,,,,,,,,,,,,,,,,,,,,,,,,,,,,,,,,,,,,,,,,,,,,,,,,,,,,,,,,,,,,,,,,,,,,,,,,,,,,,,,,,,,,,,,,,,,,,,,,,,,,,,,,,,,,,,,,,,,,,,,,,,,,,,,,,,,,,,,,,,,,,,,,,,,,,,,,,,,,,,,,,,,,,,,,,,,,,,,,,,,,,,,,,,,,,,,,,,,,,,,,,,,,,,,,,,,,,,,,,,,,,,,,,,,,,,,,,,,,,,,,,,,,,,,,,,,,,,,,,,,,,,,,,,,,,,,,,,,,,,,,,,,,,,,,,,,,,,,,,,,,,,,,,,,,,,,,,,,,,,,,,,,,,,,,,,,,,,,,,,,,,,,,,,,,,,,,,,,,,,,,,,,,,,,,,0,0,2.0541236,-3.2681646,0,,0,0,1,0,-.49429631,2.3758357,.498,550,,4.4000001,,35.700001,6.3099184,4.4000001,.115,1,.22499999,-.10999999,0,0,498,35,3.5553482,76,1,1,1,1,1,11.849398,1.0307217,3.9741364,5.1714697,.059635852,1,1,2.0728574,-.01873374,6.2105999,-.036119319,-.71896309,10.490301,14.077875,110.04642,,,0,0,0,0,0,0,0,0,0,0,2000,2000,7.6009026
461,2001,TGO,Togo,,1.5,9.5500002,0,0,,,,,,TGO,150000,130000,6,76000,15000,12000,4657,2152,60296.578,8.5543289,1.15643,.077234894,,,6,.077234894,4657,4612001,11,0,2,0,9.8924828,-2,0,0,2.2565413,7.3132205,,,,,,0,0,0,0,5.9890003,65.879005,0,0,8.9835005,2001,1.7917595,-11.978001,6.9018211,.37058979,6.7744045,.31560063,5.0578961,.51143765,6.1745062,.17978162,6.4143553,6.4668784,6.5104647,5.2242899,6.8147879,6.1754651,7.6281772,7.3929815,6.1558275,6.0603142,4.0554781,6.5268784,5.822134,4,.13533528,,2791.4966,,,,,,,,,,,,,,,,,,,,,,,,,,,,,,,,,,,,,,,,,,,,,,,,,,,,,,,,,,,,,,,,,,,,,,,,,,,,,,,,,,,,,,,,,,,,,,,,,,,,,,,,,,,,,,,,,,,,,,,,,,,,,,,,,,,,,,,,,,,,,,,,,,,,,,,,,,,,,,,,,,,,,,,,,,,,,,,,,,,,,,,,,,,,,,,,,,,,,,,,,,,,,,,,,,,,,,,,,,,,,,,,,,,,,,,,,,,,,,,,,,,,,,,,,,,,,,,,,,,,,,,,,,,,,,,,,,,,,,,,,,,,,,,,,,,,,,,,,,,,,,,,,,,,,,,,,,,,,,,,,,,,,,,,,,,,,,,,,,,,,,,,,,,,,,,,,,,,,,,,,,,,,,,,,,,,,,,,,,0,0,1.7917595,-2.560904,0,,0,0,1,0,.4054651,2.2565413,.011,1400,,2.8,,,7.2442274,3,-.011,1,.0070000002,-.017999999,0,0,13,20,2.9957323,58,1,1,1,1,1,9.392662,.18307944,3.809396,4.5859489,.052568827,1,1,1.7899245,.0018349886,2.3978953,-.81366569,-1.5254108,8.4461269,11.77529,71.337059,,,0,0,0,0,0,0,0,0,0,0,0,1,0
500,2001,UGA,Uganda,,1.2,5.6100001,0,1,,,,,,UGA,600000,510000,5,280000,110000,84000,24023,10290,240491.59,1.218088,32.520882,.099891223,,,5,.099891223,24023,5002001,174,0,20,0,39.613297,-4,0,1,1.7245507,7.0900769,,,,,,2,2,0,2,6.6485,1156.839,13.297,0,7.9782004,2001,1.6094379,-26.594,8.580267,.68684465,7.172586,.43689483,4.9891825,.74084836,6.7093301,.1460838,7.1201048,7.1481667,7.2101846,5.9008894,7.5016375,7.2340512,9.9264822,8.0289001,6.3162723,6.4412451,3.5371196,6.9956541,6.4230061,16,.018315639,,2122.9656,,,,,,,,,,,,,,,,,,,,,,,,,,,,,,,,,,,,,,,,,,,,,,,,,,,,,,,,,,,,,,,,,,,,,,,,,,,,,,,,,,,,,,,,,,,,,,,,,,,,,,,,,,,,,,,,,,,,,,,,,,,,,,,,,,,,,,,,,,,,,,,,,,,,,,,,,,,,,,,,,,,,,,,,,,,,,,,,,,,,,,,,,,,,,,,,,,,,,,,,,,,,,,,,,,,,,,,,,,,,,,,,,,,,,,,,,,,,,,,,,,,,,,,,,,,,,,,,,,,,,,,,,,,,,,,,,,,,,,,,,,,,,,,,,,,,,,,,,,,,,,,,,,,,,,,,,,,,,,,,,,,,,,,,,,,,,,,,,,,,,,,,,,,,,,,,,,,,,,,,,,,,,,,,,,,,,,,,,,0,5,1.6094379,-2.3036735,0,,0,0,1,0,.18232159,1.7245507,.17399999,1320,,5.9000001,,,7.1853871,5.5999999,.023,1,.215,-.192,0,.36464319,194,16,2.7725887,68,1,1,1,1,1,11.338573,.27845889,3.2440293,4.290504,.086099409,1,1,1.8943913,-.28495336,5.1590552,.25649518,-.14841154,10.086767,13.142166,101.74287,,,0,0,0,0,2,2,2,2,0,2,0,1,0
551,2001,ZMB,Zambia,,.87,152.07001,0,0,,,,,,ZMB,1200000,1000000,21.5,590000,150000,120000,10649,4740,760305.13,-13.49506,27.953381,.014006219,,,21.5,.014006219,10649,5512001,270,0,0,0,-377.23254,1,0,0,5.0243411,6.7684932,,,,,,0,0,0,0,20.724499,5595.6147,0,0,18.030313,2001,3.068053,20.724499,26.919573,1.4398099,22.654392,.82606596,18.473482,1.1682819,20.914331,.43950471,22.183237,21.689211,22.144619,20.341858,22.161381,24.097546,29.7416,24.273481,21.035303,20.763315,16.183649,21.775761,20.052902,1,2.7182817,0,9390.5527,,,,,,,,,,,,,,,,,,,,,,,,,,,,,,,,,,,,,,,,,,,,,,,,,,,,,,,,,,,,,,,,,,,,,,,,,,,,,,,,,,,,,,,,,,,,,,,,,,,,,,,,,,,,,,,,,,,,,,,,,,,,,,,,,,,,,,,,,,,,,,,,,,,,,,,,,,,,,,,,,,,,,,,,,,,,,,,,,,,,,,,,,,,,,,,,,,,,,,,,,,,,,,,,,,,,,,,,,,,,,,,,,,,,,,,,,,,,,,,,,,,,,,,,,,,,,,,,,,,,,,,,,,,,,,,,,,,,,,,,,,,,,,,,,,,,,,,,,,,,,,,,,,,,,,,,,,,,,,,,,,,,,,,,,,,,,,,,,,,,,,,,,,,,,,,,,,,,,,,,,,,,,,,,,,,,,,,,,,0,0,3.068053,-4.2682538,0,,0,0,1,0,-.13926207,5.0243411,.27000001,780,,5.6999998,,,6.6592941,5.5,.45199999,1,.48500001,-.033000022,0,0,270,1,0,79,1,1,1,1,1,11.695247,.8455773,3.9916625,5.0801349,.063059732,1,1,3.0313165,.036736488,5.5984221,.89995486,-.01436004,9.273221,13.815511,85.99263,,,0,0,0,0,0,0,0,0,0,0,0,1,0
552,2001,ZWE,Zimbabwe,,2.45,12.86,0,0,,,,,,ZWE,2300000,2000000,33.700001,1200000,240000,200000,12852,5972,394272.09,-19.05584,30.06353,.032596778,,,33.700001,.032596778,12852,5522001,9,0,0,0,-572.8858,-5,0,0,2.5541217,7.8038435,,,,,,1,0,0,0,29.381001,264.42902,0,0,71.983452,2001,3.5174978,-146.905,34.281269,1.2821865,33.181232,.8535766,29.021776,1.0926498,33.062351,.83816671,31.44681,30.631708,31.329044,29.222809,31.176876,31.768183,36.794353,34.854244,31.508223,31.16337,26.880182,34.705158,31.419544,25,.006737947,,15561.78,,,,,,,,,,,,,,,,,,,,,,,,,,,,,,,,,,,,,,,,,,,,,,,,,,,,,,,,,,,,,,,,,,,,,,,,,,,,,,,,,,,,,,,,,,,,,,,,,,,,,,,,,,,,,,,,,,,,,,,,,,,,,,,,,,,,,,,,,,,,,,,,,,,,,,,,,,,,,,,,,,,,,,,,,,,,,,,,,,,,,,,,,,,,,,,,,,,,,,,,,,,,,,,,,,,,,,,,,,,,,,,,,,,,,,,,,,,,,,,,,,,,,,,,,,,,,,,,,,,,,,,,,,,,,,,,,,,,,,,,,,,,,,,,,,,,,,,,,,,,,,,,,,,,,,,,,,,,,,,,,,,,,,,,,,,,,,,,,,,,,,,,,,,,,,,,,,,,,,,,,,,,,,,,,,,,,,,,,,0,3,3.5174978,-3.4235418,0,,0,0,1,0,.89608806,2.5541217,.0089999996,2310,,6.1999998,,,7.7450027,7.4000001,.72000003,1,.63200003,.088,0,0,9,1,0,89,1,1,1,1,1,12.206073,1.0077233,4.2140718,5.033154,.077744499,1,1,3.3803482,.13714957,2.1972246,.42154938,-.38362461,9.4612551,14.508657,89.51535,,,0,0,0,0,0,0,0,0,0,0,0,1,0
